Record Length,2.50E+03,-0.086,-0.032,4.96
Sample Interval,4.00E-05,-0.08596,-0.03196,4.96
Trigger Point,8.00E+02,-0.08592,-0.03192,4.96
,,-0.08588,-0.03188,4.96
,,-0.08584,-0.03184,4.96
,,-0.0858,-0.0318,4.96
Source,CH1,-0.08576,-0.03176,4.96
Vertical Units,V,-0.08572,-0.03172,4.96
Vertical Scale,2.00E+00,-0.08568,-0.03168,4.96
Vertical Offset,0.00E+00,-0.08564,-0.03164,4.96
Horizontal Units,s,-0.0856,-0.0316,4.96
Horizontal Scale,1.00E-02,-0.08556,-0.03156,4.96
Pt Fmt,Y,-0.08552,-0.03152,4.96
Yzero,0.00E+00,-0.08548,-0.03148,4.96
Probe Atten,1.00E+00,-0.08544,-0.03144,4.96
Model Number,TDS1002C-EDU,-0.0854,-0.0314,4.96
Serial Number,C030141,-0.08536,-0.03136,4.96
Firmware Version,FV:v25.16,-0.08532,-0.03132,4.96
,,-0.08528,-0.03128,4.96
,,-0.08524,-0.03124,4.96
,,-0.0852,-0.0312,4.96
,,-0.08516,-0.03116,4.96
,,-0.08512,-0.03112,4.96
,,-0.08508,-0.03108,4.96
,,-0.08504,-0.03104,4.96
,,-0.085,-0.031,4.96
,,-0.08496,-0.03096,4.96
,,-0.08492,-0.03092,4.96
,,-0.08488,-0.03088,4.96
,,-0.08484,-0.03084,4.96
,,-0.0848,-0.0308,4.96
,,-0.08476,-0.03076,4.96
,,-0.08472,-0.03072,4.96
,,-0.08468,-0.03068,4.96
,,-0.08464,-0.03064,4.96
,,-0.0846,-0.0306,4.96
,,-0.08456,-0.03056,4.96
,,-0.08452,-0.03052,4.96
,,-0.08448,-0.03048,4.96
,,-0.08444,-0.03044,4.96
,,-0.0844,-0.0304,4.96
,,-0.08436,-0.03036,4.96
,,-0.08432,-0.03032,4.96
,,-0.08428,-0.03028,4.96
,,-0.08424,-0.03024,4.96
,,-0.0842,-0.0302,4.96
,,-0.08416,-0.03016,4.96
,,-0.08412,-0.03012,4.96
,,-0.08408,-0.03008,4.96
,,-0.08404,-0.03004,4.96
,,-0.084,-0.03,4.96
,,-0.08396,-0.02996,4.96
,,-0.08392,-0.02992,4.96
,,-0.08388,-0.02988,4.96
,,-0.08384,-0.02984,4.96
,,-0.0838,-0.0298,4.96
,,-0.08376,-0.02976,4.96
,,-0.08372,-0.02972,4.96
,,-0.08368,-0.02968,4.96
,,-0.08364,-0.02964,4.96
,,-0.0836,-0.0296,4.96
,,-0.08356,-0.02956,4.96
,,-0.08352,-0.02952,4.96
,,-0.08348,-0.02948,4.96
,,-0.08344,-0.02944,4.96
,,-0.0834,-0.0294,4.96
,,-0.08336,-0.02936,4.96
,,-0.08332,-0.02932,4.96
,,-0.08328,-0.02928,4.96
,,-0.08324,-0.02924,4.96
,,-0.0832,-0.0292,4.96
,,-0.08316,-0.02916,4.96
,,-0.08312,-0.02912,4.96
,,-0.08308,-0.02908,4.96
,,-0.08304,-0.02904,4.96
,,-0.083,-0.029,4.96
,,-0.08296,-0.02896,4.96
,,-0.08292,-0.02892,4.96
,,-0.08288,-0.02888,4.88
,,-0.08284,-0.02884,4.96
,,-0.0828,-0.0288,4.88
,,-0.08276,-0.02876,4.96
,,-0.08272,-0.02872,4.96
,,-0.08268,-0.02868,4.96
,,-0.08264,-0.02864,4.96
,,-0.0826,-0.0286,4.96
,,-0.08256,-0.02856,4.96
,,-0.08252,-0.02852,4.88
,,-0.08248,-0.02848,4.96
,,-0.08244,-0.02844,4.96
,,-0.0824,-0.0284,4.96
,,-0.08236,-0.02836,4.96
,,-0.08232,-0.02832,4.96
,,-0.08228,-0.02828,4.96
,,-0.08224,-0.02824,4.96
,,-0.0822,-0.0282,4.96
,,-0.08216,-0.02816,4.96
,,-0.08212,-0.02812,4.96
,,-0.08208,-0.02808,4.88
,,-0.08204,-0.02804,4.96
,,-0.082,-0.028,4.96
,,-0.08196,-0.02796,4.96
,,-0.08192,-0.02792,4.96
,,-0.08188,-0.02788,4.88
,,-0.08184,-0.02784,4.96
,,-0.0818,-0.0278,4.96
,,-0.08176,-0.02776,4.96
,,-0.08172,-0.02772,4.96
,,-0.08168,-0.02768,4.96
,,-0.08164,-0.02764,4.96
,,-0.0816,-0.0276,4.96
,,-0.08156,-0.02756,4.96
,,-0.08152,-0.02752,4.96
,,-0.08148,-0.02748,4.96
,,-0.08144,-0.02744,4.96
,,-0.0814,-0.0274,4.96
,,-0.08136,-0.02736,4.88
,,-0.08132,-0.02732,4.96
,,-0.08128,-0.02728,4.96
,,-0.08124,-0.02724,4.96
,,-0.0812,-0.0272,4.96
,,-0.08116,-0.02716,4.96
,,-0.08112,-0.02712,4.96
,,-0.08108,-0.02708,4.96
,,-0.08104,-0.02704,4.96
,,-0.081,-0.027,4.96
,,-0.08096,-0.02696,4.96
,,-0.08092,-0.02692,4.96
,,-0.08088,-0.02688,4.96
,,-0.08084,-0.02684,4.88
,,-0.0808,-0.0268,4.96
,,-0.08076,-0.02676,4.96
,,-0.08072,-0.02672,4.96
,,-0.08068,-0.02668,4.96
,,-0.08064,-0.02664,4.96
,,-0.0806,-0.0266,4.96
,,-0.08056,-0.02656,4.96
,,-0.08052,-0.02652,4.88
,,-0.08048,-0.02648,4.96
,,-0.08044,-0.02644,4.88
,,-0.0804,-0.0264,4.96
,,-0.08036,-0.02636,4.96
,,-0.08032,-0.02632,4.96
,,-0.08028,-0.02628,4.96
,,-0.08024,-0.02624,4.96
,,-0.0802,-0.0262,4.96
,,-0.08016,-0.02616,4.96
,,-0.08012,-0.02612,4.96
,,-0.08008,-0.02608,4.96
,,-0.08004,-0.02604,4.96
,,-0.08,-0.026,4.88
,,-0.07996,-0.02596,4.96
,,-0.07992,-0.02592,4.96
,,-0.07988,-0.02588,4.96
,,-0.07984,-0.02584,4.96
,,-0.0798,-0.0258,4.96
,,-0.07976,-0.02576,4.96
,,-0.07972,-0.02572,4.96
,,-0.07968,-0.02568,4.96
,,-0.07964,-0.02564,4.96
,,-0.0796,-0.0256,4.96
,,-0.07956,-0.02556,4.96
,,-0.07952,-0.02552,4.96
,,-0.07948,-0.02548,4.96
,,-0.07944,-0.02544,4.96
,,-0.0794,-0.0254,4.96
,,-0.07936,-0.02536,4.96
,,-0.07932,-0.02532,4.96
,,-0.07928,-0.02528,4.96
,,-0.07924,-0.02524,4.96
,,-0.0792,-0.0252,4.96
,,-0.07916,-0.02516,4.96
,,-0.07912,-0.02512,4.88
,,-0.07908,-0.02508,4.96
,,-0.07904,-0.02504,4.96
,,-0.079,-0.025,4.96
,,-0.07896,-0.02496,4.96
,,-0.07892,-0.02492,4.96
,,-0.07888,-0.02488,4.96
,,-0.07884,-0.02484,4.96
,,-0.0788,-0.0248,4.96
,,-0.07876,-0.02476,4.96
,,-0.07872,-0.02472,4.96
,,-0.07868,-0.02468,4.96
,,-0.07864,-0.02464,4.96
,,-0.0786,-0.0246,4.96
,,-0.07856,-0.02456,4.96
,,-0.07852,-0.02452,4.96
,,-0.07848,-0.02448,4.96
,,-0.07844,-0.02444,4.96
,,-0.0784,-0.0244,4.96
,,-0.07836,-0.02436,4.96
,,-0.07832,-0.02432,4.96
,,-0.07828,-0.02428,4.96
,,-0.07824,-0.02424,4.96
,,-0.0782,-0.0242,4.96
,,-0.07816,-0.02416,4.96
,,-0.07812,-0.02412,4.96
,,-0.07808,-0.02408,4.96
,,-0.07804,-0.02404,4.96
,,-0.078,-0.024,4.96
,,-0.07796,-0.02396,4.96
,,-0.07792,-0.02392,4.96
,,-0.07788,-0.02388,4.96
,,-0.07784,-0.02384,4.96
,,-0.0778,-0.0238,4.96
,,-0.07776,-0.02376,4.96
,,-0.07772,-0.02372,4.96
,,-0.07768,-0.02368,4.96
,,-0.07764,-0.02364,4.96
,,-0.0776,-0.0236,4.96
,,-0.07756,-0.02356,4.96
,,-0.07752,-0.02352,4.96
,,-0.07748,-0.02348,4.96
,,-0.07744,-0.02344,4.96
,,-0.0774,-0.0234,4.96
,,-0.07736,-0.02336,4.96
,,-0.07732,-0.02332,4.88
,,-0.07728,-0.02328,4.96
,,-0.07724,-0.02324,4.96
,,-0.0772,-0.0232,4.96
,,-0.07716,-0.02316,4.96
,,-0.07712,-0.02312,4.96
,,-0.07708,-0.02308,4.96
,,-0.07704,-0.02304,4.96
,,-0.077,-0.023,4.88
,,-0.07696,-0.02296,4.96
,,-0.07692,-0.02292,4.96
,,-0.07688,-0.02288,4.96
,,-0.07684,-0.02284,4.96
,,-0.0768,-0.0228,4.96
,,-0.07676,-0.02276,4.96
,,-0.07672,-0.02272,4.96
,,-0.07668,-0.02268,4.96
,,-0.07664,-0.02264,4.96
,,-0.0766,-0.0226,4.96
,,-0.07656,-0.02256,4.96
,,-0.07652,-0.02252,4.96
,,-0.07648,-0.02248,4.96
,,-0.07644,-0.02244,4.96
,,-0.0764,-0.0224,4.96
,,-0.07636,-0.02236,4.96
,,-0.07632,-0.02232,4.96
,,-0.07628,-0.02228,4.96
,,-0.07624,-0.02224,4.96
,,-0.0762,-0.0222,4.96
,,-0.07616,-0.02216,4.96
,,-0.07612,-0.02212,4.96
,,-0.07608,-0.02208,4.96
,,-0.07604,-0.02204,4.96
,,-0.076,-0.022,4.96
,,-0.07596,-0.02196,4.96
,,-0.07592,-0.02192,4.96
,,-0.07588,-0.02188,4.96
,,-0.07584,-0.02184,4.96
,,-0.0758,-0.0218,4.96
,,-0.07576,-0.02176,4.96
,,-0.07572,-0.02172,4.96
,,-0.07568,-0.02168,4.96
,,-0.07564,-0.02164,4.96
,,-0.0756,-0.0216,4.96
,,-0.07556,-0.02156,4.96
,,-0.07552,-0.02152,4.96
,,-0.07548,-0.02148,4.96
,,-0.07544,-0.02144,4.96
,,-0.0754,-0.0214,4.96
,,-0.07536,-0.02136,4.96
,,-0.07532,-0.02132,4.96
,,-0.07528,-0.02128,4.96
,,-0.07524,-0.02124,4.96
,,-0.0752,-0.0212,4.96
,,-0.07516,-0.02116,4.88
,,-0.07512,-0.02112,4.96
,,-0.07508,-0.02108,4.88
,,-0.07504,-0.02104,4.96
,,-0.075,-0.021,4.96
,,-0.07496,-0.02096,4.96
,,-0.07492,-0.02092,4.96
,,-0.07488,-0.02088,4.96
,,-0.07484,-0.02084,4.96
,,-0.0748,-0.0208,4.96
,,-0.07476,-0.02076,4.96
,,-0.07472,-0.02072,4.96
,,-0.07468,-0.02068,4.96
,,-0.07464,-0.02064,4.96
,,-0.0746,-0.0206,4.96
,,-0.07456,-0.02056,4.96
,,-0.07452,-0.02052,4.96
,,-0.07448,-0.02048,4.96
,,-0.07444,-0.02044,4.96
,,-0.0744,-0.0204,4.96
,,-0.07436,-0.02036,4.96
,,-0.07432,-0.02032,4.96
,,-0.07428,-0.02028,4.96
,,-0.07424,-0.02024,4.96
,,-0.0742,-0.0202,4.96
,,-0.07416,-0.02016,4.96
,,-0.07412,-0.02012,4.96
,,-0.07408,-0.02008,4.96
,,-0.07404,-0.02004,4.96
,,-0.074,-0.02,4.96
,,-0.07396,-0.01996,4.96
,,-0.07392,-0.01992,4.96
,,-0.07388,-0.01988,4.96
,,-0.07384,-0.01984,4.96
,,-0.0738,-0.0198,4.96
,,-0.07376,-0.01976,4.96
,,-0.07372,-0.01972,4.96
,,-0.07368,-0.01968,4.96
,,-0.07364,-0.01964,4.96
,,-0.0736,-0.0196,4.96
,,-0.07356,-0.01956,4.96
,,-0.07352,-0.01952,4.96
,,-0.07348,-0.01948,4.96
,,-0.07344,-0.01944,4.96
,,-0.0734,-0.0194,4.96
,,-0.07336,-0.01936,4.96
,,-0.07332,-0.01932,4.96
,,-0.07328,-0.01928,4.96
,,-0.07324,-0.01924,4.96
,,-0.0732,-0.0192,4.96
,,-0.07316,-0.01916,4.96
,,-0.07312,-0.01912,4.96
,,-0.07308,-0.01908,4.96
,,-0.07304,-0.01904,4.96
,,-0.073,-0.019,4.96
,,-0.07296,-0.01896,4.96
,,-0.07292,-0.01892,4.96
,,-0.07288,-0.01888,4.96
,,-0.07284,-0.01884,4.96
,,-0.0728,-0.0188,4.96
,,-0.07276,-0.01876,4.96
,,-0.07272,-0.01872,4.96
,,-0.07268,-0.01868,4.96
,,-0.07264,-0.01864,4.96
,,-0.0726,-0.0186,4.96
,,-0.07256,-0.01856,4.96
,,-0.07252,-0.01852,4.96
,,-0.07248,-0.01848,4.96
,,-0.07244,-0.01844,4.96
,,-0.0724,-0.0184,4.96
,,-0.07236,-0.01836,4.96
,,-0.07232,-0.01832,4.96
,,-0.07228,-0.01828,4.96
,,-0.07224,-0.01824,4.96
,,-0.0722,-0.0182,4.96
,,-0.07216,-0.01816,4.96
,,-0.07212,-0.01812,4.96
,,-0.07208,-0.01808,4.96
,,-0.07204,-0.01804,4.96
,,-0.072,-0.018,4.96
,,-0.07196,-0.01796,4.88
,,-0.07192,-0.01792,4.96
,,-0.07188,-0.01788,4.96
,,-0.07184,-0.01784,4.96
,,-0.0718,-0.0178,4.96
,,-0.07176,-0.01776,4.96
,,-0.07172,-0.01772,4.96
,,-0.07168,-0.01768,4.96
,,-0.07164,-0.01764,4.96
,,-0.0716,-0.0176,4.96
,,-0.07156,-0.01756,4.96
,,-0.07152,-0.01752,4.96
,,-0.07148,-0.01748,4.96
,,-0.07144,-0.01744,4.96
,,-0.0714,-0.0174,4.96
,,-0.07136,-0.01736,4.96
,,-0.07132,-0.01732,4.96
,,-0.07128,-0.01728,4.96
,,-0.07124,-0.01724,4.96
,,-0.0712,-0.0172,4.96
,,-0.07116,-0.01716,4.96
,,-0.07112,-0.01712,4.96
,,-0.07108,-0.01708,4.96
,,-0.07104,-0.01704,4.96
,,-0.071,-0.017,4.96
,,-0.07096,-0.01696,4.88
,,-0.07092,-0.01692,4.96
,,-0.07088,-0.01688,4.96
,,-0.07084,-0.01684,4.96
,,-0.0708,-0.0168,4.96
,,-0.07076,-0.01676,4.96
,,-0.07072,-0.01672,4.96
,,-0.07068,-0.01668,4.96
,,-0.07064,-0.01664,4.96
,,-0.0706,-0.0166,4.96
,,-0.07056,-0.01656,4.96
,,-0.07052,-0.01652,4.96
,,-0.07048,-0.01648,4.96
,,-0.07044,-0.01644,4.96
,,-0.0704,-0.0164,4.96
,,-0.07036,-0.01636,4.96
,,-0.07032,-0.01632,4.96
,,-0.07028,-0.01628,4.96
,,-0.07024,-0.01624,4.96
,,-0.0702,-0.0162,4.96
,,-0.07016,-0.01616,4.96
,,-0.07012,-0.01612,4.96
,,-0.07008,-0.01608,4.96
,,-0.07004,-0.01604,4.96
,,-0.07,-0.016,4.96
,,-0.06996,-0.01596,4.96
,,-0.06992,-0.01592,4.96
,,-0.06988,-0.01588,4.96
,,-0.06984,-0.01584,4.96
,,-0.0698,-0.0158,4.96
,,-0.06976,-0.01576,4.96
,,-0.06972,-0.01572,4.96
,,-0.06968,-0.01568,4.96
,,-0.06964,-0.01564,4.96
,,-0.0696,-0.0156,4.96
,,-0.06956,-0.01556,4.96
,,-0.06952,-0.01552,4.96
,,-0.06948,-0.01548,4.96
,,-0.06944,-0.01544,4.96
,,-0.0694,-0.0154,4.96
,,-0.06936,-0.01536,4.96
,,-0.06932,-0.01532,4.96
,,-0.06928,-0.01528,4.96
,,-0.06924,-0.01524,4.96
,,-0.0692,-0.0152,4.96
,,-0.06916,-0.01516,4.96
,,-0.06912,-0.01512,4.96
,,-0.06908,-0.01508,4.96
,,-0.06904,-0.01504,4.96
,,-0.069,-0.015,4.96
,,-0.06896,-0.01496,4.96
,,-0.06892,-0.01492,4.96
,,-0.06888,-0.01488,4.96
,,-0.06884,-0.01484,4.96
,,-0.0688,-0.0148,4.96
,,-0.06876,-0.01476,4.96
,,-0.06872,-0.01472,4.96
,,-0.06868,-0.01468,4.96
,,-0.06864,-0.01464,4.96
,,-0.0686,-0.0146,4.96
,,-0.06856,-0.01456,4.96
,,-0.06852,-0.01452,4.96
,,-0.06848,-0.01448,4.96
,,-0.06844,-0.01444,4.96
,,-0.0684,-0.0144,4.96
,,-0.06836,-0.01436,4.96
,,-0.06832,-0.01432,4.96
,,-0.06828,-0.01428,4.96
,,-0.06824,-0.01424,4.96
,,-0.0682,-0.0142,4.96
,,-0.06816,-0.01416,4.96
,,-0.06812,-0.01412,4.96
,,-0.06808,-0.01408,4.96
,,-0.06804,-0.01404,4.96
,,-0.068,-0.014,4.96
,,-0.06796,-0.01396,4.96
,,-0.06792,-0.01392,4.96
,,-0.06788,-0.01388,4.96
,,-0.06784,-0.01384,4.96
,,-0.0678,-0.0138,4.96
,,-0.06776,-0.01376,4.96
,,-0.06772,-0.01372,4.96
,,-0.06768,-0.01368,4.96
,,-0.06764,-0.01364,4.96
,,-0.0676,-0.0136,4.96
,,-0.06756,-0.01356,4.96
,,-0.06752,-0.01352,4.96
,,-0.06748,-0.01348,4.96
,,-0.06744,-0.01344,4.96
,,-0.0674,-0.0134,4.96
,,-0.06736,-0.01336,4.88
,,-0.06732,-0.01332,4.96
,,-0.06728,-0.01328,4.96
,,-0.06724,-0.01324,4.96
,,-0.0672,-0.0132,4.96
,,-0.06716,-0.01316,4.88
,,-0.06712,-0.01312,4.96
,,-0.06708,-0.01308,4.96
,,-0.06704,-0.01304,4.96
,,-0.067,-0.013,4.96
,,-0.06696,-0.01296,4.96
,,-0.06692,-0.01292,4.96
,,-0.06688,-0.01288,4.96
,,-0.06684,-0.01284,4.96
,,-0.0668,-0.0128,4.96
,,-0.06676,-0.01276,4.96
,,-0.06672,-0.01272,4.96
,,-0.06668,-0.01268,4.96
,,-0.06664,-0.01264,4.96
,,-0.0666,-0.0126,4.96
,,-0.06656,-0.01256,4.96
,,-0.06652,-0.01252,4.96
,,-0.06648,-0.01248,4.96
,,-0.06644,-0.01244,4.96
,,-0.0664,-0.0124,4.96
,,-0.06636,-0.01236,4.96
,,-0.06632,-0.01232,4.96
,,-0.06628,-0.01228,4.96
,,-0.06624,-0.01224,4.96
,,-0.0662,-0.0122,4.96
,,-0.06616,-0.01216,4.96
,,-0.06612,-0.01212,4.96
,,-0.06608,-0.01208,4.96
,,-0.06604,-0.01204,4.96
,,-0.066,-0.012,4.96
,,-0.06596,-0.01196,4.96
,,-0.06592,-0.01192,4.96
,,-0.06588,-0.01188,4.96
,,-0.06584,-0.01184,4.96
,,-0.0658,-0.0118,4.96
,,-0.06576,-0.01176,4.96
,,-0.06572,-0.01172,4.96
,,-0.06568,-0.01168,4.96
,,-0.06564,-0.01164,4.96
,,-0.0656,-0.0116,4.96
,,-0.06556,-0.01156,4.96
,,-0.06552,-0.01152,4.96
,,-0.06548,-0.01148,4.96
,,-0.06544,-0.01144,4.96
,,-0.0654,-0.0114,4.96
,,-0.06536,-0.01136,4.96
,,-0.06532,-0.01132,4.96
,,-0.06528,-0.01128,4.96
,,-0.06524,-0.01124,4.96
,,-0.0652,-0.0112,4.96
,,-0.06516,-0.01116,4.96
,,-0.06512,-0.01112,4.96
,,-0.06508,-0.01108,4.96
,,-0.06504,-0.01104,4.96
,,-0.065,-0.011,4.96
,,-0.06496,-0.01096,4.96
,,-0.06492,-0.01092,4.96
,,-0.06488,-0.01088,4.96
,,-0.06484,-0.01084,4.96
,,-0.0648,-0.0108,4.96
,,-0.06476,-0.01076,4.96
,,-0.06472,-0.01072,4.96
,,-0.06468,-0.01068,4.96
,,-0.06464,-0.01064,4.96
,,-0.0646,-0.0106,4.96
,,-0.06456,-0.01056,4.96
,,-0.06452,-0.01052,4.96
,,-0.06448,-0.01048,4.96
,,-0.06444,-0.01044,4.96
,,-0.0644,-0.0104,4.96
,,-0.06436,-0.01036,4.96
,,-0.06432,-0.01032,4.88
,,-0.06428,-0.01028,4.96
,,-0.06424,-0.01024,4.96
,,-0.0642,-0.0102,4.96
,,-0.06416,-0.01016,4.96
,,-0.06412,-0.01012,4.88
,,-0.06408,-0.01008,4.96
,,-0.06404,-0.01004,4.96
,,-0.064,-0.01,4.96
,,-0.06396,-0.00996,4.96
,,-0.06392,-0.00992,4.96
,,-0.06388,-0.00988,4.96
,,-0.06384,-0.00984,4.96
,,-0.0638,-0.0098,4.96
,,-0.06376,-0.00976,4.96
,,-0.06372,-0.00972,4.96
,,-0.06368,-0.00968,4.96
,,-0.06364,-0.00964,4.96
,,-0.0636,-0.0096,4.96
,,-0.06356,-0.00956,4.96
,,-0.06352,-0.00952,4.96
,,-0.06348,-0.00948,4.88
,,-0.06344,-0.00944,4.96
,,-0.0634,-0.0094,4.96
,,-0.06336,-0.00936,4.96
,,-0.06332,-0.00932,5.04
,,-0.06328,-0.00928,4.96
,,-0.06324,-0.00924,4.96
,,-0.0632,-0.0092,4.88
,,-0.06316,-0.00916,4.96
,,-0.06312,-0.00912,4.96
,,-0.06308,-0.00908,4.96
,,-0.06304,-0.00904,4.96
,,-0.063,-0.009,4.96
,,-0.06296,-0.00896,4.96
,,-0.06292,-0.00892,4.96
,,-0.06288,-0.00888,4.96
,,-0.06284,-0.00884,4.96
,,-0.0628,-0.0088,4.96
,,-0.06276,-0.00876,4.96
,,-0.06272,-0.00872,4.96
,,-0.06268,-0.00868,4.96
,,-0.06264,-0.00864,4.96
,,-0.0626,-0.0086,4.96
,,-0.06256,-0.00856,4.96
,,-0.06252,-0.00852,4.96
,,-0.06248,-0.00848,4.96
,,-0.06244,-0.00844,4.96
,,-0.0624,-0.0084,4.96
,,-0.06236,-0.00836,4.96
,,-0.06232,-0.00832,4.96
,,-0.06228,-0.00828,4.96
,,-0.06224,-0.00824,4.96
,,-0.0622,-0.0082,4.88
,,-0.06216,-0.00816,4.96
,,-0.06212,-0.00812,4.96
,,-0.06208,-0.00808,4.96
,,-0.06204,-0.00804,4.96
,,-0.062,-0.008,4.96
,,-0.06196,-0.00796,4.96
,,-0.06192,-0.00792,4.96
,,-0.06188,-0.00788,4.96
,,-0.06184,-0.00784,4.96
,,-0.0618,-0.0078,4.96
,,-0.06176,-0.00776,4.96
,,-0.06172,-0.00772,4.96
,,-0.06168,-0.00768,4.96
,,-0.06164,-0.00764,4.96
,,-0.0616,-0.0076,4.96
,,-0.06156,-0.00756,4.96
,,-0.06152,-0.00752,4.96
,,-0.06148,-0.00748,4.96
,,-0.06144,-0.00744,4.96
,,-0.0614,-0.0074,4.96
,,-0.06136,-0.00736,4.96
,,-0.06132,-0.00732,4.96
,,-0.06128,-0.00728,4.96
,,-0.06124,-0.00724,4.96
,,-0.0612,-0.0072,4.96
,,-0.06116,-0.00716,4.96
,,-0.06112,-0.00712,4.96
,,-0.06108,-0.00708,4.88
,,-0.06104,-0.00704,4.96
,,-0.061,-0.007,4.96
,,-0.06096,-0.00696,4.96
,,-0.06092,-0.00692,4.96
,,-0.06088,-0.00688,4.96
,,-0.06084,-0.00684,4.96
,,-0.0608,-0.0068,4.96
,,-0.06076,-0.00676,4.96
,,-0.06072,-0.00672,4.96
,,-0.06068,-0.00668,4.96
,,-0.06064,-0.00664,4.96
,,-0.0606,-0.0066,4.96
,,-0.06056,-0.00656,4.96
,,-0.06052,-0.00652,4.96
,,-0.06048,-0.00648,4.96
,,-0.06044,-0.00644,4.96
,,-0.0604,-0.0064,4.96
,,-0.06036,-0.00636,4.96
,,-0.06032,-0.00632,4.96
,,-0.06028,-0.00628,4.96
,,-0.06024,-0.00624,4.96
,,-0.0602,-0.0062,4.96
,,-0.06016,-0.00616,4.88
,,-0.06012,-0.00612,4.96
,,-0.06008,-0.00608,4.96
,,-0.06004,-0.00604,4.96
,,-0.06,-0.006,4.96
,,-0.05996,-0.00596,4.96
,,-0.05992,-0.00592,4.96
,,-0.05988,-0.00588,4.96
,,-0.05984,-0.00584,4.96
,,-0.0598,-0.0058,4.96
,,-0.05976,-0.00576,4.96
,,-0.05972,-0.00572,4.96
,,-0.05968,-0.00568,4.96
,,-0.05964,-0.00564,4.96
,,-0.0596,-0.0056,4.96
,,-0.05956,-0.00556,4.96
,,-0.05952,-0.00552,4.96
,,-0.05948,-0.00548,4.96
,,-0.05944,-0.00544,4.96
,,-0.0594,-0.0054,4.96
,,-0.05936,-0.00536,4.96
,,-0.05932,-0.00532,4.96
,,-0.05928,-0.00528,4.96
,,-0.05924,-0.00524,4.96
,,-0.0592,-0.0052,4.96
,,-0.05916,-0.00516,4.96
,,-0.05912,-0.00512,4.96
,,-0.05908,-0.00508,4.96
,,-0.05904,-0.00504,4.96
,,-0.059,-0.005,4.96
,,-0.05896,-0.00496,4.96
,,-0.05892,-0.00492,4.96
,,-0.05888,-0.00488,4.96
,,-0.05884,-0.00484,4.96
,,-0.0588,-0.0048,4.88
,,-0.05876,-0.00476,4.88
,,-0.05872,-0.00472,4.96
,,-0.05868,-0.00468,4.96
,,-0.05864,-0.00464,4.96
,,-0.0586,-0.0046,4.96
,,-0.05856,-0.00456,4.96
,,-0.05852,-0.00452,4.96
,,-0.05848,-0.00448,4.96
,,-0.05844,-0.00444,4.96
,,-0.0584,-0.0044,4.96
,,-0.05836,-0.00436,4.96
,,-0.05832,-0.00432,4.88
,,-0.05828,-0.00428,4.96
,,-0.05824,-0.00424,4.96
,,-0.0582,-0.0042,4.96
,,-0.05816,-0.00416,4.96
,,-0.05812,-0.00412,4.96
,,-0.05808,-0.00408,4.96
,,-0.05804,-0.00404,4.96
,,-0.058,-0.004,4.96
,,-0.05796,-0.00396,4.96
,,-0.05792,-0.00392,4.96
,,-0.05788,-0.00388,4.96
,,-0.05784,-0.00384,4.96
,,-0.0578,-0.0038,4.96
,,-0.05776,-0.00376,4.96
,,-0.05772,-0.00372,4.96
,,-0.05768,-0.00368,4.96
,,-0.05764,-0.00364,4.96
,,-0.0576,-0.0036,4.96
,,-0.05756,-0.00356,4.96
,,-0.05752,-0.00352,4.96
,,-0.05748,-0.00348,4.96
,,-0.05744,-0.00344,4.96
,,-0.0574,-0.0034,4.96
,,-0.05736,-0.00336,4.96
,,-0.05732,-0.00332,4.96
,,-0.05728,-0.00328,4.96
,,-0.05724,-0.00324,4.96
,,-0.0572,-0.0032,4.96
,,-0.05716,-0.00316,4.96
,,-0.05712,-0.00312,4.96
,,-0.05708,-0.00308,4.96
,,-0.05704,-0.00304,4.96
,,-0.057,-0.003,4.96
,,-0.05696,-0.00296,4.96
,,-0.05692,-0.00292,4.96
,,-0.05688,-0.00288,4.96
,,-0.05684,-0.00284,4.96
,,-0.0568,-0.0028,4.96
,,-0.05676,-0.00276,4.96
,,-0.05672,-0.00272,4.96
,,-0.05668,-0.00268,4.96
,,-0.05664,-0.00264,4.96
,,-0.0566,-0.0026,4.96
,,-0.05656,-0.00256,4.96
,,-0.05652,-0.00252,4.96
,,-0.05648,-0.00248,4.96
,,-0.05644,-0.00244,4.96
,,-0.0564,-0.0024,4.96
,,-0.05636,-0.00236,4.96
,,-0.05632,-0.00232,4.96
,,-0.05628,-0.00228,4.96
,,-0.05624,-0.00224,4.96
,,-0.0562,-0.0022,4.96
,,-0.05616,-0.00216,4.96
,,-0.05612,-0.00212,4.96
,,-0.05608,-0.00208,4.96
,,-0.05604,-0.00204,4.96
,,-0.056,-0.002,4.96
,,-0.05596,-0.00196,4.96
,,-0.05592,-0.00192,4.96
,,-0.05588,-0.00188,4.96
,,-0.05584,-0.00184,4.96
,,-0.0558,-0.0018,4.96
,,-0.05576,-0.00176,4.96
,,-0.05572,-0.00172,4.96
,,-0.05568,-0.00168,4.96
,,-0.05564,-0.00164,4.96
,,-0.0556,-0.0016,4.96
,,-0.05556,-0.00156,4.96
,,-0.05552,-0.00152,4.96
,,-0.05548,-0.00148,4.96
,,-0.05544,-0.00144,4.96
,,-0.0554,-0.0014,4.88
,,-0.05536,-0.00136,4.96
,,-0.05532,-0.00132,4.96
,,-0.05528,-0.00128,4.96
,,-0.05524,-0.00124,4.96
,,-0.0552,-0.0012,4.96
,,-0.05516,-0.00116,4.96
,,-0.05512,-0.00112,4.96
,,-0.05508,-0.00108,4.96
,,-0.05504,-0.00104,4.96
,,-0.055,-0.001,4.96
,,-0.05496,-0.00096,4.96
,,-0.05492,-0.00092,4.96
,,-0.05488,-0.00088,4.96
,,-0.05484,-0.00084,4.96
,,-0.0548,-0.0008,4.96
,,-0.05476,-0.00076,4.96
,,-0.05472,-0.00072,4.96
,,-0.05468,-0.00068,4.96
,,-0.05464,-0.00064,4.96
,,-0.0546,-0.0006,4.96
,,-0.05456,-0.00056,4.96
,,-0.05452,-0.00052,4.96
,,-0.05448,-0.00048,4.96
,,-0.05444,-0.00044,4.96
,,-0.0544,-0.0004,4.96
,,-0.05436,-0.00036,4.96
,,-0.05432,-0.00032,4.96
,,-0.05428,-0.00028,4.96
,,-0.05424,-0.00024,4.96
,,-0.0542,-0.0002,4.88
,,-0.05416,-0.00016,4.96
,,-0.05412,-0.00012,4.96
,,-0.05408,-0.00008,4.96
,,-0.05404,-0.00004,4.96
,,-0.054,0,4.96
,,-0.05396,0.00004,4.96
,,-0.05392,0.00008,4.96
,,-0.05388,0.00012,4.96
,,-0.05384,0.00016,4.96
,,-0.0538,0.0002,4.96
,,-0.05376,0.00024,4.96
,,-0.05372,0.00028,4.96
,,-0.05368,0.00032,4.96
,,-0.05364,0.00036,4.96
,,-0.0536,0.0004,4.96
,,-0.05356,0.00044,4.96
,,-0.05352,0.00048,4.96
,,-0.05348,0.00052,4.96
,,-0.05344,0.00056,4.96
,,-0.0534,0.0006,4.96
,,-0.05336,0.00064,4.96
,,-0.05332,0.00068,4.96
,,-0.05328,0.00072,4.96
,,-0.05324,0.00076,4.96
,,-0.0532,0.0008,4.96
,,-0.05316,0.00084,4.96
,,-0.05312,0.00088,4.96
,,-0.05308,0.00092,4.96
,,-0.05304,0.00096,4.96
,,-0.053,0.001,4.96
,,-0.05296,0.00104,4.96
,,-0.05292,0.00108,4.96
,,-0.05288,0.00112,4.96
,,-0.05284,0.00116,4.96
,,-0.0528,0.0012,4.96
,,-0.05276,0.00124,4.96
,,-0.05272,0.00128,4.96
,,-0.05268,0.00132,4.96
,,-0.05264,0.00136,4.96
,,-0.0526,0.0014,4.96
,,-0.05256,0.00144,4.96
,,-0.05252,0.00148,4.96
,,-0.05248,0.00152,4.96
,,-0.05244,0.00156,4.96
,,-0.0524,0.0016,4.88
,,-0.05236,0.00164,4.96
,,-0.05232,0.00168,4.96
,,-0.05228,0.00172,4.96
,,-0.05224,0.00176,4.96
,,-0.0522,0.0018,4.96
,,-0.05216,0.00184,4.96
,,-0.05212,0.00188,4.96
,,-0.05208,0.00192,4.96
,,-0.05204,0.00196,4.96
,,-0.052,0.002,4.96
,,-0.05196,0.00204,4.96
,,-0.05192,0.00208,4.96
,,-0.05188,0.00212,4.96
,,-0.05184,0.00216,4.96
,,-0.0518,0.0022,4.96
,,-0.05176,0.00224,4.96
,,-0.05172,0.00228,4.96
,,-0.05168,0.00232,4.96
,,-0.05164,0.00236,4.96
,,-0.0516,0.0024,4.96
,,-0.05156,0.00244,4.96
,,-0.05152,0.00248,4.96
,,-0.05148,0.00252,4.96
,,-0.05144,0.00256,4.96
,,-0.0514,0.0026,4.96
,,-0.05136,0.00264,4.96
,,-0.05132,0.00268,4.96
,,-0.05128,0.00272,4.96
,,-0.05124,0.00276,4.96
,,-0.0512,0.0028,4.96
,,-0.05116,0.00284,4.96
,,-0.05112,0.00288,4.96
,,-0.05108,0.00292,4.96
,,-0.05104,0.00296,4.96
,,-0.051,0.003,4.96
,,-0.05096,0.00304,4.96
,,-0.05092,0.00308,4.96
,,-0.05088,0.00312,4.96
,,-0.05084,0.00316,4.96
,,-0.0508,0.0032,4.96
,,-0.05076,0.00324,4.96
,,-0.05072,0.00328,4.96
,,-0.05068,0.00332,4.96
,,-0.05064,0.00336,4.96
,,-0.0506,0.0034,4.96
,,-0.05056,0.00344,4.96
,,-0.05052,0.00348,4.96
,,-0.05048,0.00352,4.96
,,-0.05044,0.00356,4.96
,,-0.0504,0.0036,4.96
,,-0.05036,0.00364,4.96
,,-0.05032,0.00368,4.96
,,-0.05028,0.00372,5.04
,,-0.05024,0.00376,4.96
,,-0.0502,0.0038,4.96
,,-0.05016,0.00384,4.96
,,-0.05012,0.00388,4.88
,,-0.05008,0.00392,4.96
,,-0.05004,0.00396,4.96
,,-0.05,0.004,4.96
,,-0.04996,0.00404,4.96
,,-0.04992,0.00408,4.96
,,-0.04988,0.00412,4.96
,,-0.04984,0.00416,4.96
,,-0.0498,0.0042,4.96
,,-0.04976,0.00424,4.96
,,-0.04972,0.00428,4.96
,,-0.04968,0.00432,4.96
,,-0.04964,0.00436,4.96
,,-0.0496,0.0044,4.96
,,-0.04956,0.00444,4.96
,,-0.04952,0.00448,4.96
,,-0.04948,0.00452,4.96
,,-0.04944,0.00456,4.96
,,-0.0494,0.0046,4.96
,,-0.04936,0.00464,4.96
,,-0.04932,0.00468,4.96
,,-0.04928,0.00472,4.96
,,-0.04924,0.00476,4.96
,,-0.0492,0.0048,4.96
,,-0.04916,0.00484,4.96
,,-0.04912,0.00488,4.96
,,-0.04908,0.00492,4.96
,,-0.04904,0.00496,4.96
,,-0.049,0.005,4.96
,,-0.04896,0.00504,4.96
,,-0.04892,0.00508,4.96
,,-0.04888,0.00512,4.96
,,-0.04884,0.00516,4.96
,,-0.0488,0.0052,4.96
,,-0.04876,0.00524,4.96
,,-0.04872,0.00528,4.96
,,-0.04868,0.00532,4.96
,,-0.04864,0.00536,4.96
,,-0.0486,0.0054,4.96
,,-0.04856,0.00544,4.96
,,-0.04852,0.00548,4.96
,,-0.04848,0.00552,4.96
,,-0.04844,0.00556,4.96
,,-0.0484,0.0056,4.96
,,-0.04836,0.00564,4.96
,,-0.04832,0.00568,4.96
,,-0.04828,0.00572,4.96
,,-0.04824,0.00576,4.96
,,-0.0482,0.0058,4.96
,,-0.04816,0.00584,4.96
,,-0.04812,0.00588,4.96
,,-0.04808,0.00592,4.96
,,-0.04804,0.00596,4.96
,,-0.048,0.006,4.96
,,-0.04796,0.00604,4.96
,,-0.04792,0.00608,4.96
,,-0.04788,0.00612,4.96
,,-0.04784,0.00616,4.96
,,-0.0478,0.0062,4.96
,,-0.04776,0.00624,4.88
,,-0.04772,0.00628,4.88
,,-0.04768,0.00632,4.96
,,-0.04764,0.00636,4.88
,,-0.0476,0.0064,4.96
,,-0.04756,0.00644,4.96
,,-0.04752,0.00648,4.96
,,-0.04748,0.00652,4.96
,,-0.04744,0.00656,4.96
,,-0.0474,0.0066,4.96
,,-0.04736,0.00664,4.96
,,-0.04732,0.00668,4.96
,,-0.04728,0.00672,4.96
,,-0.04724,0.00676,4.96
,,-0.0472,0.0068,4.96
,,-0.04716,0.00684,4.96
,,-0.04712,0.00688,4.96
,,-0.04708,0.00692,4.96
,,-0.04704,0.00696,4.96
,,-0.047,0.007,4.96
,,-0.04696,0.00704,4.96
,,-0.04692,0.00708,4.96
,,-0.04688,0.00712,4.96
,,-0.04684,0.00716,4.96
,,-0.0468,0.0072,4.96
,,-0.04676,0.00724,4.96
,,-0.04672,0.00728,4.96
,,-0.04668,0.00732,4.96
,,-0.04664,0.00736,4.96
,,-0.0466,0.0074,4.96
,,-0.04656,0.00744,4.96
,,-0.04652,0.00748,4.96
,,-0.04648,0.00752,4.96
,,-0.04644,0.00756,4.96
,,-0.0464,0.0076,4.88
,,-0.04636,0.00764,4.96
,,-0.04632,0.00768,4.96
,,-0.04628,0.00772,4.96
,,-0.04624,0.00776,4.96
,,-0.0462,0.0078,4.96
,,-0.04616,0.00784,4.96
,,-0.04612,0.00788,4.96
,,-0.04608,0.00792,4.96
,,-0.04604,0.00796,4.96
,,-0.046,0.008,4.96
,,-0.04596,0.00804,4.96
,,-0.04592,0.00808,4.96
,,-0.04588,0.00812,4.96
,,-0.04584,0.00816,4.96
,,-0.0458,0.0082,4.96
,,-0.04576,0.00824,4.96
,,-0.04572,0.00828,4.96
,,-0.04568,0.00832,4.96
,,-0.04564,0.00836,4.96
,,-0.0456,0.0084,4.96
,,-0.04556,0.00844,4.96
,,-0.04552,0.00848,4.96
,,-0.04548,0.00852,4.96
,,-0.04544,0.00856,4.96
,,-0.0454,0.0086,4.96
,,-0.04536,0.00864,4.88
,,-0.04532,0.00868,4.96
,,-0.04528,0.00872,4.96
,,-0.04524,0.00876,4.96
,,-0.0452,0.0088,4.96
,,-0.04516,0.00884,4.96
,,-0.04512,0.00888,4.96
,,-0.04508,0.00892,4.96
,,-0.04504,0.00896,4.96
,,-0.045,0.009,4.96
,,-0.04496,0.00904,4.96
,,-0.04492,0.00908,4.96
,,-0.04488,0.00912,4.96
,,-0.04484,0.00916,4.96
,,-0.0448,0.0092,4.96
,,-0.04476,0.00924,4.96
,,-0.04472,0.00928,4.96
,,-0.04468,0.00932,4.96
,,-0.04464,0.00936,4.96
,,-0.0446,0.0094,4.96
,,-0.04456,0.00944,4.96
,,-0.04452,0.00948,4.96
,,-0.04448,0.00952,4.96
,,-0.04444,0.00956,4.96
,,-0.0444,0.0096,4.96
,,-0.04436,0.00964,4.96
,,-0.04432,0.00968,4.88
,,-0.04428,0.00972,4.96
,,-0.04424,0.00976,4.96
,,-0.0442,0.0098,4.96
,,-0.04416,0.00984,4.96
,,-0.04412,0.00988,4.96
,,-0.04408,0.00992,4.96
,,-0.04404,0.00996,4.96
,,-0.044,0.01,4.96
,,-0.04396,0.01004,4.96
,,-0.04392,0.01008,4.96
,,-0.04388,0.01012,4.96
,,-0.04384,0.01016,4.96
,,-0.0438,0.0102,4.96
,,-0.04376,0.01024,4.96
,,-0.04372,0.01028,4.96
,,-0.04368,0.01032,4.96
,,-0.04364,0.01036,4.96
,,-0.0436,0.0104,4.96
,,-0.04356,0.01044,4.88
,,-0.04352,0.01048,4.96
,,-0.04348,0.01052,4.96
,,-0.04344,0.01056,4.96
,,-0.0434,0.0106,4.96
,,-0.04336,0.01064,4.96
,,-0.04332,0.01068,4.96
,,-0.04328,0.01072,4.96
,,-0.04324,0.01076,4.96
,,-0.0432,0.0108,4.96
,,-0.04316,0.01084,4.96
,,-0.04312,0.01088,4.96
,,-0.04308,0.01092,4.96
,,-0.04304,0.01096,4.96
,,-0.043,0.011,4.96
,,-0.04296,0.01104,4.96
,,-0.04292,0.01108,4.96
,,-0.04288,0.01112,4.96
,,-0.04284,0.01116,4.96
,,-0.0428,0.0112,4.96
,,-0.04276,0.01124,4.96
,,-0.04272,0.01128,4.96
,,-0.04268,0.01132,4.96
,,-0.04264,0.01136,4.96
,,-0.0426,0.0114,4.96
,,-0.04256,0.01144,4.96
,,-0.04252,0.01148,4.96
,,-0.04248,0.01152,4.96
,,-0.04244,0.01156,4.96
,,-0.0424,0.0116,4.96
,,-0.04236,0.01164,4.96
,,-0.04232,0.01168,4.96
,,-0.04228,0.01172,4.96
,,-0.04224,0.01176,4.96
,,-0.0422,0.0118,4.96
,,-0.04216,0.01184,4.96
,,-0.04212,0.01188,4.96
,,-0.04208,0.01192,4.96
,,-0.04204,0.01196,4.96
,,-0.042,0.012,4.96
,,-0.04196,0.01204,4.96
,,-0.04192,0.01208,4.96
,,-0.04188,0.01212,4.96
,,-0.04184,0.01216,4.96
,,-0.0418,0.0122,4.96
,,-0.04176,0.01224,4.96
,,-0.04172,0.01228,4.96
,,-0.04168,0.01232,4.96
,,-0.04164,0.01236,4.96
,,-0.0416,0.0124,4.96
,,-0.04156,0.01244,4.96
,,-0.04152,0.01248,4.96
,,-0.04148,0.01252,4.96
,,-0.04144,0.01256,4.96
,,-0.0414,0.0126,4.96
,,-0.04136,0.01264,4.96
,,-0.04132,0.01268,4.96
,,-0.04128,0.01272,4.96
,,-0.04124,0.01276,4.96
,,-0.0412,0.0128,4.96
,,-0.04116,0.01284,4.96
,,-0.04112,0.01288,4.96
,,-0.04108,0.01292,4.96
,,-0.04104,0.01296,4.96
,,-0.041,0.013,4.96
,,-0.04096,0.01304,4.96
,,-0.04092,0.01308,4.96
,,-0.04088,0.01312,4.96
,,-0.04084,0.01316,4.96
,,-0.0408,0.0132,4.96
,,-0.04076,0.01324,4.96
,,-0.04072,0.01328,4.96
,,-0.04068,0.01332,4.88
,,-0.04064,0.01336,4.96
,,-0.0406,0.0134,4.96
,,-0.04056,0.01344,4.96
,,-0.04052,0.01348,4.96
,,-0.04048,0.01352,4.96
,,-0.04044,0.01356,4.96
,,-0.0404,0.0136,4.96
,,-0.04036,0.01364,4.96
,,-0.04032,0.01368,4.96
,,-0.04028,0.01372,4.96
,,-0.04024,0.01376,4.96
,,-0.0402,0.0138,4.96
,,-0.04016,0.01384,4.96
,,-0.04012,0.01388,4.96
,,-0.04008,0.01392,4.96
,,-0.04004,0.01396,4.96
,,-0.04,0.014,4.96
,,-0.03996,0.01404,4.96
,,-0.03992,0.01408,4.96
,,-0.03988,0.01412,4.96
,,-0.03984,0.01416,4.96
,,-0.0398,0.0142,4.96
,,-0.03976,0.01424,4.96
,,-0.03972,0.01428,4.96
,,-0.03968,0.01432,4.96
,,-0.03964,0.01436,4.96
,,-0.0396,0.0144,4.96
,,-0.03956,0.01444,4.96
,,-0.03952,0.01448,4.96
,,-0.03948,0.01452,4.96
,,-0.03944,0.01456,4.96
,,-0.0394,0.0146,4.96
,,-0.03936,0.01464,4.96
,,-0.03932,0.01468,4.96
,,-0.03928,0.01472,4.96
,,-0.03924,0.01476,4.88
,,-0.0392,0.0148,4.96
,,-0.03916,0.01484,4.96
,,-0.03912,0.01488,4.96
,,-0.03908,0.01492,4.96
,,-0.03904,0.01496,4.96
,,-0.039,0.015,4.96
,,-0.03896,0.01504,4.96
,,-0.03892,0.01508,4.96
,,-0.03888,0.01512,4.96
,,-0.03884,0.01516,4.96
,,-0.0388,0.0152,4.96
,,-0.03876,0.01524,4.96
,,-0.03872,0.01528,4.96
,,-0.03868,0.01532,4.96
,,-0.03864,0.01536,4.96
,,-0.0386,0.0154,4.96
,,-0.03856,0.01544,4.96
,,-0.03852,0.01548,4.96
,,-0.03848,0.01552,4.96
,,-0.03844,0.01556,4.96
,,-0.0384,0.0156,4.96
,,-0.03836,0.01564,4.96
,,-0.03832,0.01568,4.96
,,-0.03828,0.01572,4.96
,,-0.03824,0.01576,4.96
,,-0.0382,0.0158,4.96
,,-0.03816,0.01584,4.96
,,-0.03812,0.01588,4.96
,,-0.03808,0.01592,4.96
,,-0.03804,0.01596,4.96
,,-0.038,0.016,4.96
,,-0.03796,0.01604,4.96
,,-0.03792,0.01608,4.96
,,-0.03788,0.01612,4.96
,,-0.03784,0.01616,4.96
,,-0.0378,0.0162,4.96
,,-0.03776,0.01624,4.96
,,-0.03772,0.01628,4.96
,,-0.03768,0.01632,4.96
,,-0.03764,0.01636,4.96
,,-0.0376,0.0164,4.96
,,-0.03756,0.01644,4.96
,,-0.03752,0.01648,4.96
,,-0.03748,0.01652,4.96
,,-0.03744,0.01656,4.96
,,-0.0374,0.0166,4.96
,,-0.03736,0.01664,4.96
,,-0.03732,0.01668,4.96
,,-0.03728,0.01672,4.96
,,-0.03724,0.01676,4.96
,,-0.0372,0.0168,4.96
,,-0.03716,0.01684,4.96
,,-0.03712,0.01688,4.96
,,-0.03708,0.01692,4.96
,,-0.03704,0.01696,4.96
,,-0.037,0.017,4.96
,,-0.03696,0.01704,4.96
,,-0.03692,0.01708,4.96
,,-0.03688,0.01712,4.96
,,-0.03684,0.01716,4.96
,,-0.0368,0.0172,4.88
,,-0.03676,0.01724,4.96
,,-0.03672,0.01728,4.96
,,-0.03668,0.01732,4.96
,,-0.03664,0.01736,4.96
,,-0.0366,0.0174,4.96
,,-0.03656,0.01744,4.96
,,-0.03652,0.01748,4.96
,,-0.03648,0.01752,4.96
,,-0.03644,0.01756,4.88
,,-0.0364,0.0176,4.96
,,-0.03636,0.01764,4.96
,,-0.03632,0.01768,4.96
,,-0.03628,0.01772,4.96
,,-0.03624,0.01776,4.96
,,-0.0362,0.0178,4.96
,,-0.03616,0.01784,4.96
,,-0.03612,0.01788,4.96
,,-0.03608,0.01792,4.96
,,-0.03604,0.01796,4.96
,,-0.036,0.018,4.96
,,-0.03596,0.01804,4.96
,,-0.03592,0.01808,4.96
,,-0.03588,0.01812,4.96
,,-0.03584,0.01816,4.96
,,-0.0358,0.0182,4.96
,,-0.03576,0.01824,4.96
,,-0.03572,0.01828,4.96
,,-0.03568,0.01832,4.96
,,-0.03564,0.01836,4.96
,,-0.0356,0.0184,4.96
,,-0.03556,0.01844,4.96
,,-0.03552,0.01848,4.96
,,-0.03548,0.01852,4.96
,,-0.03544,0.01856,4.96
,,-0.0354,0.0186,4.96
,,-0.03536,0.01864,4.96
,,-0.03532,0.01868,4.96
,,-0.03528,0.01872,4.96
,,-0.03524,0.01876,4.96
,,-0.0352,0.0188,4.96
,,-0.03516,0.01884,4.96
,,-0.03512,0.01888,4.96
,,-0.03508,0.01892,4.96
,,-0.03504,0.01896,4.96
,,-0.035,0.019,4.96
,,-0.03496,0.01904,4.96
,,-0.03492,0.01908,4.96
,,-0.03488,0.01912,4.96
,,-0.03484,0.01916,4.88
,,-0.0348,0.0192,4.96
,,-0.03476,0.01924,4.96
,,-0.03472,0.01928,4.96
,,-0.03468,0.01932,4.96
,,-0.03464,0.01936,4.96
,,-0.0346,0.0194,4.88
,,-0.03456,0.01944,4.96
,,-0.03452,0.01948,4.96
,,-0.03448,0.01952,4.96
,,-0.03444,0.01956,4.96
,,-0.0344,0.0196,4.96
,,-0.03436,0.01964,4.96
,,-0.03432,0.01968,4.96
,,-0.03428,0.01972,4.96
,,-0.03424,0.01976,4.96
,,-0.0342,0.0198,4.96
,,-0.03416,0.01984,4.96
,,-0.03412,0.01988,4.88
,,-0.03408,0.01992,4.96
,,-0.03404,0.01996,4.96
,,-0.034,0.02,4.96
,,-0.03396,0.02004,4.96
,,-0.03392,0.02008,4.88
,,-0.03388,0.02012,4.96
,,-0.03384,0.02016,4.96
,,-0.0338,0.0202,4.96
,,-0.03376,0.02024,4.96
,,-0.03372,0.02028,4.96
,,-0.03368,0.02032,4.96
,,-0.03364,0.02036,4.96
,,-0.0336,0.0204,4.96
,,-0.03356,0.02044,4.96
,,-0.03352,0.02048,4.96
,,-0.03348,0.02052,4.96
,,-0.03344,0.02056,4.96
,,-0.0334,0.0206,4.96
,,-0.03336,0.02064,4.96
,,-0.03332,0.02068,4.96
,,-0.03328,0.02072,4.96
,,-0.03324,0.02076,4.96
,,-0.0332,0.0208,4.96
,,-0.03316,0.02084,4.96
,,-0.03312,0.02088,4.96
,,-0.03308,0.02092,4.96
,,-0.03304,0.02096,4.96
,,-0.033,0.021,4.96
,,-0.03296,0.02104,4.96
,,-0.03292,0.02108,4.96
,,-0.03288,0.02112,4.96
,,-0.03284,0.02116,4.96
,,-0.0328,0.0212,4.96
,,-0.03276,0.02124,4.96
,,-0.03272,0.02128,4.96
,,-0.03268,0.02132,4.96
,,-0.03264,0.02136,4.96
,,-0.0326,0.0214,4.96
,,-0.03256,0.02144,4.96
,,-0.03252,0.02148,4.96
,,-0.03248,0.02152,4.96
,,-0.03244,0.02156,4.96
,,-0.0324,0.0216,4.96
,,-0.03236,0.02164,4.96
,,-0.03232,0.02168,4.96
,,-0.03228,0.02172,4.96
,,-0.03224,0.02176,4.96
,,-0.0322,0.0218,4.88
,,-0.03216,0.02184,4.96
,,-0.03212,0.02188,4.96
,,-0.03208,0.02192,4.96
,,-0.03204,0.02196,4.96
,,-0.032,0.022,4.96
,,-0.03196,0.02204,4.96
,,-0.03192,0.02208,4.96
,,-0.03188,0.02212,4.96
,,-0.03184,0.02216,4.96
,,-0.0318,0.0222,4.96
,,-0.03176,0.02224,4.96
,,-0.03172,0.02228,4.96
,,-0.03168,0.02232,4.96
,,-0.03164,0.02236,4.96
,,-0.0316,0.0224,4.96
,,-0.03156,0.02244,4.96
,,-0.03152,0.02248,4.96
,,-0.03148,0.02252,4.96
,,-0.03144,0.02256,4.96
,,-0.0314,0.0226,4.96
,,-0.03136,0.02264,4.96
,,-0.03132,0.02268,4.96
,,-0.03128,0.02272,4.96
,,-0.03124,0.02276,4.96
,,-0.0312,0.0228,4.96
,,-0.03116,0.02284,4.96
,,-0.03112,0.02288,4.96
,,-0.03108,0.02292,4.96
,,-0.03104,0.02296,4.96
,,-0.031,0.023,4.96
,,-0.03096,0.02304,4.96
,,-0.03092,0.02308,4.96
,,-0.03088,0.02312,4.96
,,-0.03084,0.02316,4.96
,,-0.0308,0.0232,4.96
,,-0.03076,0.02324,4.96
,,-0.03072,0.02328,4.96
,,-0.03068,0.02332,4.96
,,-0.03064,0.02336,4.96
,,-0.0306,0.0234,4.96
,,-0.03056,0.02344,4.96
,,-0.03052,0.02348,4.96
,,-0.03048,0.02352,4.96
,,-0.03044,0.02356,4.96
,,-0.0304,0.0236,4.96
,,-0.03036,0.02364,4.96
,,-0.03032,0.02368,4.96
,,-0.03028,0.02372,4.96
,,-0.03024,0.02376,4.96
,,-0.0302,0.0238,4.96
,,-0.03016,0.02384,4.96
,,-0.03012,0.02388,4.96
,,-0.03008,0.02392,4.88
,,-0.03004,0.02396,4.96
,,-0.03,0.024,4.96
,,-0.02996,0.02404,4.96
,,-0.02992,0.02408,4.96
,,-0.02988,0.02412,4.96
,,-0.02984,0.02416,4.96
,,-0.0298,0.0242,4.96
,,-0.02976,0.02424,4.96
,,-0.02972,0.02428,4.96
,,-0.02968,0.02432,4.96
,,-0.02964,0.02436,4.96
,,-0.0296,0.0244,4.96
,,-0.02956,0.02444,4.96
,,-0.02952,0.02448,4.96
,,-0.02948,0.02452,4.96
,,-0.02944,0.02456,4.96
,,-0.0294,0.0246,4.96
,,-0.02936,0.02464,4.96
,,-0.02932,0.02468,5.04
,,-0.02928,0.02472,4.96
,,-0.02924,0.02476,4.96
,,-0.0292,0.0248,4.96
,,-0.02916,0.02484,4.96
,,-0.02912,0.02488,4.96
,,-0.02908,0.02492,4.96
,,-0.02904,0.02496,4.96
,,-0.029,0.025,4.96
,,-0.02896,0.02504,4.96
,,-0.02892,0.02508,4.96
,,-0.02888,0.02512,4.96
,,-0.02884,0.02516,4.96
,,-0.0288,0.0252,4.96
,,-0.02876,0.02524,4.96
,,-0.02872,0.02528,4.96
,,-0.02868,0.02532,4.96
,,-0.02864,0.02536,4.96
,,-0.0286,0.0254,4.96
,,-0.02856,0.02544,4.96
,,-0.02852,0.02548,4.88
,,-0.02848,0.02552,4.88
,,-0.02844,0.02556,4.96
,,-0.0284,0.0256,4.96
,,-0.02836,0.02564,4.96
,,-0.02832,0.02568,4.96
,,-0.02828,0.02572,4.96
,,-0.02824,0.02576,4.96
,,-0.0282,0.0258,4.96
,,-0.02816,0.02584,4.96
,,-0.02812,0.02588,4.96
,,-0.02808,0.02592,4.96
,,-0.02804,0.02596,4.96
,,-0.028,0.026,4.96
,,-0.02796,0.02604,4.96
,,-0.02792,0.02608,4.96
,,-0.02788,0.02612,4.88
,,-0.02784,0.02616,4.96
,,-0.0278,0.0262,4.96
,,-0.02776,0.02624,4.96
,,-0.02772,0.02628,4.96
,,-0.02768,0.02632,4.96
,,-0.02764,0.02636,4.96
,,-0.0276,0.0264,4.96
,,-0.02756,0.02644,4.96
,,-0.02752,0.02648,4.96
,,-0.02748,0.02652,4.96
,,-0.02744,0.02656,4.96
,,-0.0274,0.0266,4.96
,,-0.02736,0.02664,4.96
,,-0.02732,0.02668,4.96
,,-0.02728,0.02672,4.96
,,-0.02724,0.02676,4.96
,,-0.0272,0.0268,4.96
,,-0.02716,0.02684,4.96
,,-0.02712,0.02688,4.96
,,-0.02708,0.02692,4.96
,,-0.02704,0.02696,4.96
,,-0.027,0.027,4.96
,,-0.02696,0.02704,4.96
,,-0.02692,0.02708,4.96
,,-0.02688,0.02712,4.96
,,-0.02684,0.02716,4.96
,,-0.0268,0.0272,4.96
,,-0.02676,0.02724,4.96
,,-0.02672,0.02728,4.96
,,-0.02668,0.02732,4.96
,,-0.02664,0.02736,4.96
,,-0.0266,0.0274,4.96
,,-0.02656,0.02744,4.96
,,-0.02652,0.02748,4.96
,,-0.02648,0.02752,4.96
,,-0.02644,0.02756,4.96
,,-0.0264,0.0276,4.96
,,-0.02636,0.02764,4.96
,,-0.02632,0.02768,4.96
,,-0.02628,0.02772,4.96
,,-0.02624,0.02776,4.96
,,-0.0262,0.0278,4.96
,,-0.02616,0.02784,4.96
,,-0.02612,0.02788,4.96
,,-0.02608,0.02792,4.96
,,-0.02604,0.02796,4.96
,,-0.026,0.028,4.96
,,-0.02596,0.02804,4.96
,,-0.02592,0.02808,4.96
,,-0.02588,0.02812,4.96
,,-0.02584,0.02816,4.96
,,-0.0258,0.0282,4.96
,,-0.02576,0.02824,4.96
,,-0.02572,0.02828,4.96
,,-0.02568,0.02832,4.96
,,-0.02564,0.02836,4.96
,,-0.0256,0.0284,4.96
,,-0.02556,0.02844,4.96
,,-0.02552,0.02848,4.96
,,-0.02548,0.02852,4.96
,,-0.02544,0.02856,4.96
,,-0.0254,0.0286,4.96
,,-0.02536,0.02864,4.96
,,-0.02532,0.02868,4.96
,,-0.02528,0.02872,4.96
,,-0.02524,0.02876,4.96
,,-0.0252,0.0288,4.96
,,-0.02516,0.02884,4.96
,,-0.02512,0.02888,4.96
,,-0.02508,0.02892,4.96
,,-0.02504,0.02896,4.96
,,-0.025,0.029,4.96
,,-0.02496,0.02904,4.96
,,-0.02492,0.02908,4.96
,,-0.02488,0.02912,4.96
,,-0.02484,0.02916,4.96
,,-0.0248,0.0292,4.96
,,-0.02476,0.02924,4.96
,,-0.02472,0.02928,4.96
,,-0.02468,0.02932,4.96
,,-0.02464,0.02936,4.96
,,-0.0246,0.0294,4.96
,,-0.02456,0.02944,4.96
,,-0.02452,0.02948,4.96
,,-0.02448,0.02952,4.96
,,-0.02444,0.02956,4.88
,,-0.0244,0.0296,4.96
,,-0.02436,0.02964,4.96
,,-0.02432,0.02968,4.96
,,-0.02428,0.02972,4.96
,,-0.02424,0.02976,4.96
,,-0.0242,0.0298,4.96
,,-0.02416,0.02984,4.96
,,-0.02412,0.02988,4.96
,,-0.02408,0.02992,4.96
,,-0.02404,0.02996,4.96
,,-0.024,0.03,4.96
,,-0.02396,0.03004,4.96
,,-0.02392,0.03008,4.96
,,-0.02388,0.03012,4.88
,,-0.02384,0.03016,4.96
,,-0.0238,0.0302,4.96
,,-0.02376,0.03024,4.96
,,-0.02372,0.03028,4.96
,,-0.02368,0.03032,4.96
,,-0.02364,0.03036,4.96
,,-0.0236,0.0304,4.96
,,-0.02356,0.03044,4.96
,,-0.02352,0.03048,4.96
,,-0.02348,0.03052,4.88
,,-0.02344,0.03056,4.96
,,-0.0234,0.0306,4.96
,,-0.02336,0.03064,4.96
,,-0.02332,0.03068,4.96
,,-0.02328,0.03072,4.96
,,-0.02324,0.03076,4.96
,,-0.0232,0.0308,4.96
,,-0.02316,0.03084,4.96
,,-0.02312,0.03088,4.96
,,-0.02308,0.03092,4.96
,,-0.02304,0.03096,4.96
,,-0.023,0.031,4.96
,,-0.02296,0.03104,4.96
,,-0.02292,0.03108,4.96
,,-0.02288,0.03112,4.96
,,-0.02284,0.03116,4.96
,,-0.0228,0.0312,4.96
,,-0.02276,0.03124,4.96
,,-0.02272,0.03128,4.96
,,-0.02268,0.03132,4.96
,,-0.02264,0.03136,4.96
,,-0.0226,0.0314,4.96
,,-0.02256,0.03144,4.96
,,-0.02252,0.03148,4.96
,,-0.02248,0.03152,4.88
,,-0.02244,0.03156,4.96
,,-0.0224,0.0316,4.96
,,-0.02236,0.03164,4.96
,,-0.02232,0.03168,4.96
,,-0.02228,0.03172,4.96
,,-0.02224,0.03176,4.96
,,-0.0222,0.0318,4.96
,,-0.02216,0.03184,4.96
,,-0.02212,0.03188,4.96
,,-0.02208,0.03192,4.96
,,-0.02204,0.03196,4.96
,,-0.022,0.032,4.88
,,-0.02196,0.03204,4.96
,,-0.02192,0.03208,4.96
,,-0.02188,0.03212,4.96
,,-0.02184,0.03216,4.96
,,-0.0218,0.0322,4.96
,,-0.02176,0.03224,4.96
,,-0.02172,0.03228,4.96
,,-0.02168,0.03232,4.96
,,-0.02164,0.03236,4.96
,,-0.0216,0.0324,4.96
,,-0.02156,0.03244,4.96
,,-0.02152,0.03248,4.96
,,-0.02148,0.03252,4.96
,,-0.02144,0.03256,4.96
,,-0.0214,0.0326,4.96
,,-0.02136,0.03264,4.96
,,-0.02132,0.03268,4.96
,,-0.02128,0.03272,4.96
,,-0.02124,0.03276,4.96
,,-0.0212,0.0328,4.96
,,-0.02116,0.03284,4.96
,,-0.02112,0.03288,4.96
,,-0.02108,0.03292,4.96
,,-0.02104,0.03296,4.96
,,-0.021,0.033,4.96
,,-0.02096,0.03304,4.96
,,-0.02092,0.03308,4.96
,,-0.02088,0.03312,4.96
,,-0.02084,0.03316,4.96
,,-0.0208,0.0332,4.96
,,-0.02076,0.03324,4.96
,,-0.02072,0.03328,4.96
,,-0.02068,0.03332,4.96
,,-0.02064,0.03336,4.96
,,-0.0206,0.0334,4.96
,,-0.02056,0.03344,4.96
,,-0.02052,0.03348,4.96
,,-0.02048,0.03352,4.96
,,-0.02044,0.03356,4.96
,,-0.0204,0.0336,4.96
,,-0.02036,0.03364,4.96
,,-0.02032,0.03368,4.96
,,-0.02028,0.03372,4.96
,,-0.02024,0.03376,4.96
,,-0.0202,0.0338,4.96
,,-0.02016,0.03384,4.88
,,-0.02012,0.03388,4.96
,,-0.02008,0.03392,4.96
,,-0.02004,0.03396,4.96
,,-0.02,0.034,4.96
,,-0.01996,0.03404,4.96
,,-0.01992,0.03408,4.96
,,-0.01988,0.03412,4.96
,,-0.01984,0.03416,4.96
,,-0.0198,0.0342,4.96
,,-0.01976,0.03424,4.96
,,-0.01972,0.03428,4.96
,,-0.01968,0.03432,4.96
,,-0.01964,0.03436,4.88
,,-0.0196,0.0344,4.96
,,-0.01956,0.03444,4.96
,,-0.01952,0.03448,4.96
,,-0.01948,0.03452,4.96
,,-0.01944,0.03456,4.96
,,-0.0194,0.0346,4.96
,,-0.01936,0.03464,4.96
,,-0.01932,0.03468,4.96
,,-0.01928,0.03472,4.96
,,-0.01924,0.03476,4.96
,,-0.0192,0.0348,4.96
,,-0.01916,0.03484,4.96
,,-0.01912,0.03488,4.96
,,-0.01908,0.03492,4.96
,,-0.01904,0.03496,4.96
,,-0.019,0.035,4.96
,,-0.01896,0.03504,4.96
,,-0.01892,0.03508,4.96
,,-0.01888,0.03512,4.96
,,-0.01884,0.03516,4.96
,,-0.0188,0.0352,4.96
,,-0.01876,0.03524,4.96
,,-0.01872,0.03528,4.96
,,-0.01868,0.03532,4.96
,,-0.01864,0.03536,4.96
,,-0.0186,0.0354,4.96
,,-0.01856,0.03544,4.88
,,-0.01852,0.03548,4.96
,,-0.01848,0.03552,4.96
,,-0.01844,0.03556,4.96
,,-0.0184,0.0356,4.96
,,-0.01836,0.03564,4.96
,,-0.01832,0.03568,4.96
,,-0.01828,0.03572,4.96
,,-0.01824,0.03576,4.96
,,-0.0182,0.0358,4.96
,,-0.01816,0.03584,4.96
,,-0.01812,0.03588,4.96
,,-0.01808,0.03592,4.96
,,-0.01804,0.03596,4.96
,,-0.018,0.036,4.96
,,-0.01796,0.03604,4.96
,,-0.01792,0.03608,4.96
,,-0.01788,0.03612,4.96
,,-0.01784,0.03616,4.96
,,-0.0178,0.0362,4.88
,,-0.01776,0.03624,4.96
,,-0.01772,0.03628,4.96
,,-0.01768,0.03632,4.96
,,-0.01764,0.03636,4.96
,,-0.0176,0.0364,4.88
,,-0.01756,0.03644,4.96
,,-0.01752,0.03648,4.96
,,-0.01748,0.03652,4.96
,,-0.01744,0.03656,4.96
,,-0.0174,0.0366,4.96
,,-0.01736,0.03664,4.96
,,-0.01732,0.03668,4.96
,,-0.01728,0.03672,4.96
,,-0.01724,0.03676,4.96
,,-0.0172,0.0368,4.96
,,-0.01716,0.03684,4.96
,,-0.01712,0.03688,4.96
,,-0.01708,0.03692,4.96
,,-0.01704,0.03696,4.96
,,-0.017,0.037,4.88
,,-0.01696,0.03704,4.96
,,-0.01692,0.03708,4.96
,,-0.01688,0.03712,4.96
,,-0.01684,0.03716,4.96
,,-0.0168,0.0372,4.96
,,-0.01676,0.03724,4.96
,,-0.01672,0.03728,4.88
,,-0.01668,0.03732,4.96
,,-0.01664,0.03736,4.96
,,-0.0166,0.0374,4.96
,,-0.01656,0.03744,4.88
,,-0.01652,0.03748,4.96
,,-0.01648,0.03752,4.96
,,-0.01644,0.03756,4.96
,,-0.0164,0.0376,4.96
,,-0.01636,0.03764,4.96
,,-0.01632,0.03768,4.96
,,-0.01628,0.03772,4.96
,,-0.01624,0.03776,4.96
,,-0.0162,0.0378,4.96
,,-0.01616,0.03784,4.96
,,-0.01612,0.03788,4.96
,,-0.01608,0.03792,4.96
,,-0.01604,0.03796,4.96
,,-0.016,0.038,4.96
,,-0.01596,0.03804,4.96
,,-0.01592,0.03808,4.96
,,-0.01588,0.03812,4.88
,,-0.01584,0.03816,4.96
,,-0.0158,0.0382,4.96
,,-0.01576,0.03824,4.96
,,-0.01572,0.03828,4.96
,,-0.01568,0.03832,4.88
,,-0.01564,0.03836,4.96
,,-0.0156,0.0384,4.96
,,-0.01556,0.03844,4.96
,,-0.01552,0.03848,4.96
,,-0.01548,0.03852,4.88
,,-0.01544,0.03856,4.96
,,-0.0154,0.0386,4.96
,,-0.01536,0.03864,4.96
,,-0.01532,0.03868,4.96
,,-0.01528,0.03872,4.96
,,-0.01524,0.03876,4.96
,,-0.0152,0.0388,4.96
,,-0.01516,0.03884,4.88
,,-0.01512,0.03888,4.96
,,-0.01508,0.03892,4.96
,,-0.01504,0.03896,4.96
,,-0.015,0.039,4.96
,,-0.01496,0.03904,4.96
,,-0.01492,0.03908,4.96
,,-0.01488,0.03912,4.96
,,-0.01484,0.03916,4.96
,,-0.0148,0.0392,4.96
,,-0.01476,0.03924,4.96
,,-0.01472,0.03928,4.88
,,-0.01468,0.03932,4.96
,,-0.01464,0.03936,4.96
,,-0.0146,0.0394,4.96
,,-0.01456,0.03944,4.96
,,-0.01452,0.03948,4.96
,,-0.01448,0.03952,4.88
,,-0.01444,0.03956,4.96
,,-0.0144,0.0396,4.96
,,-0.01436,0.03964,4.96
,,-0.01432,0.03968,4.96
,,-0.01428,0.03972,4.96
,,-0.01424,0.03976,4.96
,,-0.0142,0.0398,4.96
,,-0.01416,0.03984,4.96
,,-0.01412,0.03988,4.96
,,-0.01408,0.03992,4.96
,,-0.01404,0.03996,4.96
,,-0.014,0.04,4.96
,,-0.01396,0.04004,4.96
,,-0.01392,0.04008,4.96
,,-0.01388,0.04012,4.96
,,-0.01384,0.04016,4.96
,,-0.0138,0.0402,4.96
,,-0.01376,0.04024,4.88
,,-0.01372,0.04028,4.96
,,-0.01368,0.04032,4.96
,,-0.01364,0.04036,4.96
,,-0.0136,0.0404,4.96
,,-0.01356,0.04044,4.96
,,-0.01352,0.04048,4.96
,,-0.01348,0.04052,4.96
,,-0.01344,0.04056,4.96
,,-0.0134,0.0406,4.96
,,-0.01336,0.04064,4.96
,,-0.01332,0.04068,4.96
,,-0.01328,0.04072,4.96
,,-0.01324,0.04076,4.96
,,-0.0132,0.0408,4.96
,,-0.01316,0.04084,4.96
,,-0.01312,0.04088,4.96
,,-0.01308,0.04092,4.96
,,-0.01304,0.04096,4.96
,,-0.013,0.041,4.96
,,-0.01296,0.04104,4.96
,,-0.01292,0.04108,4.96
,,-0.01288,0.04112,4.96
,,-0.01284,0.04116,4.96
,,-0.0128,0.0412,4.96
,,-0.01276,0.04124,4.96
,,-0.01272,0.04128,4.88
,,-0.01268,0.04132,4.96
,,-0.01264,0.04136,4.96
,,-0.0126,0.0414,4.96
,,-0.01256,0.04144,4.96
,,-0.01252,0.04148,4.96
,,-0.01248,0.04152,4.96
,,-0.01244,0.04156,4.96
,,-0.0124,0.0416,4.96
,,-0.01236,0.04164,4.96
,,-0.01232,0.04168,4.96
,,-0.01228,0.04172,4.96
,,-0.01224,0.04176,4.96
,,-0.0122,0.0418,4.96
,,-0.01216,0.04184,4.96
,,-0.01212,0.04188,4.96
,,-0.01208,0.04192,4.96
,,-0.01204,0.04196,4.96
,,-0.012,0.042,4.96
,,-0.01196,0.04204,4.96
,,-0.01192,0.04208,4.96
,,-0.01188,0.04212,4.96
,,-0.01184,0.04216,4.96
,,-0.0118,0.0422,4.96
,,-0.01176,0.04224,4.96
,,-0.01172,0.04228,4.96
,,-0.01168,0.04232,4.96
,,-0.01164,0.04236,4.96
,,-0.0116,0.0424,4.96
,,-0.01156,0.04244,4.96
,,-0.01152,0.04248,4.96
,,-0.01148,0.04252,4.96
,,-0.01144,0.04256,4.96
,,-0.0114,0.0426,4.96
,,-0.01136,0.04264,4.96
,,-0.01132,0.04268,4.96
,,-0.01128,0.04272,4.96
,,-0.01124,0.04276,4.96
,,-0.0112,0.0428,4.88
,,-0.01116,0.04284,4.96
,,-0.01112,0.04288,4.96
,,-0.01108,0.04292,4.96
,,-0.01104,0.04296,4.96
,,-0.011,0.043,4.96
,,-0.01096,0.04304,4.96
,,-0.01092,0.04308,4.88
,,-0.01088,0.04312,4.96
,,-0.01084,0.04316,4.96
,,-0.0108,0.0432,4.96
,,-0.01076,0.04324,4.96
,,-0.01072,0.04328,4.96
,,-0.01068,0.04332,4.96
,,-0.01064,0.04336,4.96
,,-0.0106,0.0434,4.96
,,-0.01056,0.04344,4.96
,,-0.01052,0.04348,4.96
,,-0.01048,0.04352,4.96
,,-0.01044,0.04356,4.96
,,-0.0104,0.0436,4.96
,,-0.01036,0.04364,4.96
,,-0.01032,0.04368,4.96
,,-0.01028,0.04372,4.96
,,-0.01024,0.04376,4.96
,,-0.0102,0.0438,4.96
,,-0.01016,0.04384,4.96
,,-0.01012,0.04388,4.96
,,-0.01008,0.04392,4.96
,,-0.01004,0.04396,4.96
,,-0.01,0.044,4.96
,,-0.00996,0.04404,4.96
,,-0.00992,0.04408,4.96
,,-0.00988,0.04412,4.96
,,-0.00984,0.04416,4.96
,,-0.0098,0.0442,4.96
,,-0.00976,0.04424,4.96
,,-0.00972,0.04428,4.96
,,-0.00968,0.04432,4.96
,,-0.00964,0.04436,4.96
,,-0.0096,0.0444,4.96
,,-0.00956,0.04444,4.96
,,-0.00952,0.04448,4.96
,,-0.00948,0.04452,4.96
,,-0.00944,0.04456,4.96
,,-0.0094,0.0446,4.96
,,-0.00936,0.04464,4.96
,,-0.00932,0.04468,4.96
,,-0.00928,0.04472,4.96
,,-0.00924,0.04476,4.96
,,-0.0092,0.0448,4.96
,,-0.00916,0.04484,4.96
,,-0.00912,0.04488,4.96
,,-0.00908,0.04492,4.88
,,-0.00904,0.04496,4.96
,,-0.009,0.045,4.96
,,-0.00896,0.04504,4.96
,,-0.00892,0.04508,4.96
,,-0.00888,0.04512,4.96
,,-0.00884,0.04516,4.96
,,-0.0088,0.0452,4.96
,,-0.00876,0.04524,4.96
,,-0.00872,0.04528,4.96
,,-0.00868,0.04532,4.96
,,-0.00864,0.04536,4.96
,,-0.0086,0.0454,4.96
,,-0.00856,0.04544,4.96
,,-0.00852,0.04548,4.96
,,-0.00848,0.04552,4.96
,,-0.00844,0.04556,4.96
,,-0.0084,0.0456,4.96
,,-0.00836,0.04564,4.96
,,-0.00832,0.04568,4.96
,,-0.00828,0.04572,4.96
,,-0.00824,0.04576,4.96
,,-0.0082,0.0458,4.96
,,-0.00816,0.04584,4.96
,,-0.00812,0.04588,4.96
,,-0.00808,0.04592,4.96
,,-0.00804,0.04596,4.96
,,-0.008,0.046,4.96
,,-0.00796,0.04604,4.96
,,-0.00792,0.04608,4.96
,,-0.00788,0.04612,4.96
,,-0.00784,0.04616,4.96
,,-0.0078,0.0462,4.96
,,-0.00776,0.04624,4.96
,,-0.00772,0.04628,4.96
,,-0.00768,0.04632,4.96
,,-0.00764,0.04636,4.96
,,-0.0076,0.0464,4.96
,,-0.00756,0.04644,4.96
,,-0.00752,0.04648,4.96
,,-0.00748,0.04652,4.96
,,-0.00744,0.04656,4.96
,,-0.0074,0.0466,4.96
,,-0.00736,0.04664,4.96
,,-0.00732,0.04668,4.96
,,-0.00728,0.04672,4.96
,,-0.00724,0.04676,4.96
,,-0.0072,0.0468,4.96
,,-0.00716,0.04684,4.96
,,-0.00712,0.04688,4.96
,,-0.00708,0.04692,4.96
,,-0.00704,0.04696,4.88
,,-0.007,0.047,4.96
,,-0.00696,0.04704,4.96
,,-0.00692,0.04708,4.96
,,-0.00688,0.04712,4.96
,,-0.00684,0.04716,4.96
,,-0.0068,0.0472,4.96
,,-0.00676,0.04724,4.96
,,-0.00672,0.04728,4.96
,,-0.00668,0.04732,4.96
,,-0.00664,0.04736,4.96
,,-0.0066,0.0474,4.96
,,-0.00656,0.04744,4.96
,,-0.00652,0.04748,4.96
,,-0.00648,0.04752,4.96
,,-0.00644,0.04756,4.96
,,-0.0064,0.0476,4.96
,,-0.00636,0.04764,4.96
,,-0.00632,0.04768,4.96
,,-0.00628,0.04772,4.96
,,-0.00624,0.04776,4.96
,,-0.0062,0.0478,4.96
,,-0.00616,0.04784,4.96
,,-0.00612,0.04788,4.96
,,-0.00608,0.04792,4.96
,,-0.00604,0.04796,4.96
,,-0.006,0.048,4.96
,,-0.00596,0.04804,4.96
,,-0.00592,0.04808,4.96
,,-0.00588,0.04812,4.96
,,-0.00584,0.04816,4.96
,,-0.0058,0.0482,4.96
,,-0.00576,0.04824,4.96
,,-0.00572,0.04828,4.96
,,-0.00568,0.04832,4.96
,,-0.00564,0.04836,4.96
,,-0.0056,0.0484,4.96
,,-0.00556,0.04844,4.96
,,-0.00552,0.04848,4.96
,,-0.00548,0.04852,4.96
,,-0.00544,0.04856,4.96
,,-0.0054,0.0486,5.04
,,-0.00536,0.04864,4.96
,,-0.00532,0.04868,4.96
,,-0.00528,0.04872,4.96
,,-0.00524,0.04876,4.96
,,-0.0052,0.0488,4.96
,,-0.00516,0.04884,4.96
,,-0.00512,0.04888,4.96
,,-0.00508,0.04892,4.96
,,-0.00504,0.04896,4.96
,,-0.005,0.049,4.96
,,-0.00496,0.04904,4.96
,,-0.00492,0.04908,4.96
,,-0.00488,0.04912,4.96
,,-0.00484,0.04916,4.88
,,-0.0048,0.0492,4.96
,,-0.00476,0.04924,4.96
,,-0.00472,0.04928,4.96
,,-0.00468,0.04932,4.96
,,-0.00464,0.04936,4.96
,,-0.0046,0.0494,4.96
,,-0.00456,0.04944,4.96
,,-0.00452,0.04948,4.96
,,-0.00448,0.04952,4.96
,,-0.00444,0.04956,4.96
,,-0.0044,0.0496,4.96
,,-0.00436,0.04964,4.88
,,-0.00432,0.04968,4.96
,,-0.00428,0.04972,4.96
,,-0.00424,0.04976,4.96
,,-0.0042,0.0498,4.96
,,-0.00416,0.04984,4.96
,,-0.00412,0.04988,4.96
,,-0.00408,0.04992,4.88
,,-0.00404,0.04996,4.96
,,-0.004,0.05,4.96
,,-0.00396,0.05004,4.96
,,-0.00392,0.05008,4.96
,,-0.00388,0.05012,4.96
,,-0.00384,0.05016,4.96
,,-0.0038,0.0502,4.96
,,-0.00376,0.05024,4.96
,,-0.00372,0.05028,4.96
,,-0.00368,0.05032,4.88
,,-0.00364,0.05036,4.96
,,-0.0036,0.0504,4.96
,,-0.00356,0.05044,4.96
,,-0.00352,0.05048,4.96
,,-0.00348,0.05052,4.96
,,-0.00344,0.05056,4.96
,,-0.0034,0.0506,4.96
,,-0.00336,0.05064,4.96
,,-0.00332,0.05068,4.88
,,-0.00328,0.05072,4.96
,,-0.00324,0.05076,4.96
,,-0.0032,0.0508,4.96
,,-0.00316,0.05084,4.96
,,-0.00312,0.05088,4.96
,,-0.00308,0.05092,4.96
,,-0.00304,0.05096,4.96
,,-0.003,0.051,4.96
,,-0.00296,0.05104,4.96
,,-0.00292,0.05108,4.96
,,-0.00288,0.05112,4.96
,,-0.00284,0.05116,4.96
,,-0.0028,0.0512,4.96
,,-0.00276,0.05124,4.96
,,-0.00272,0.05128,4.96
,,-0.00268,0.05132,4.96
,,-0.00264,0.05136,4.96
,,-0.0026,0.0514,4.96
,,-0.00256,0.05144,4.96
,,-0.00252,0.05148,4.96
,,-0.00248,0.05152,4.96
,,-0.00244,0.05156,4.96
,,-0.0024,0.0516,4.96
,,-0.00236,0.05164,4.88
,,-0.00232,0.05168,4.96
,,-0.00228,0.05172,4.96
,,-0.00224,0.05176,4.96
,,-0.0022,0.0518,4.96
,,-0.00216,0.05184,4.96
,,-0.00212,0.05188,4.96
,,-0.00208,0.05192,4.96
,,-0.00204,0.05196,4.96
,,-0.002,0.052,4.88
,,-0.00196,0.05204,4.96
,,-0.00192,0.05208,4.96
,,-0.00188,0.05212,4.96
,,-0.00184,0.05216,4.96
,,-0.0018,0.0522,4.88
,,-0.00176,0.05224,4.96
,,-0.00172,0.05228,4.96
,,-0.00168,0.05232,4.96
,,-0.00164,0.05236,4.96
,,-0.0016,0.0524,4.96
,,-0.00156,0.05244,4.96
,,-0.00152,0.05248,4.96
,,-0.00148,0.05252,4.96
,,-0.00144,0.05256,4.96
,,-0.0014,0.0526,4.96
,,-0.00136,0.05264,4.96
,,-0.00132,0.05268,4.96
,,-0.00128,0.05272,4.96
,,-0.00124,0.05276,4.96
,,-0.0012,0.0528,4.96
,,-0.00116,0.05284,4.96
,,-0.00112,0.05288,4.96
,,-0.00108,0.05292,4.96
,,-0.00104,0.05296,4.96
,,-0.001,0.053,4.96
,,-0.00096,0.05304,4.96
,,-0.00092,0.05308,4.96
,,-0.00088,0.05312,4.96
,,-0.00084,0.05316,4.96
,,-0.0008,0.0532,4.88
,,-0.00076,0.05324,4.96
,,-0.00072,0.05328,4.96
,,-0.00068,0.05332,4.96
,,-0.00064,0.05336,4.96
,,-0.0006,0.0534,4.96
,,-0.00056,0.05344,4.96
,,-0.00052,0.05348,4.96
,,-0.00048,0.05352,4.96
,,-0.00044,0.05356,4.96
,,-0.0004,0.0536,4.96
,,-0.00036,0.05364,4.96
,,-0.00032,0.05368,4.96
,,-0.00028,0.05372,4.88
,,-0.00024,0.05376,4.96
,,-0.0002,0.0538,4.88
,,-0.00016,0.05384,4.96
,,-0.00012,0.05388,4.88
,,-8E-05,0.05392,4.96
,,-4E-05,0.05396,4.96
,,0,0.054,4.88
,,4E-05,0.05404,4.72
,,8E-05,0.05408,4.48
,,0.00012,0.05412,4.32
,,0.00016,0.05416,4.16
,,0.0002,0.0542,4
,,0.00024,0.05424,3.84
,,0.00028,0.05428,3.68
,,0.00032,0.05432,3.6
,,0.00036,0.05436,3.36
,,0.0004,0.0544,3.28
,,0.00044,0.05444,3.12
,,0.00048,0.05448,3.04
,,0.00052,0.05452,2.88
,,0.00056,0.05456,2.8
,,0.0006,0.0546,2.72
,,0.00064,0.05464,2.56
,,0.00068,0.05468,2.48
,,0.00072,0.05472,2.4
,,0.00076,0.05476,2.24
,,0.0008,0.0548,2.24
,,0.00084,0.05484,2.08
,,0.00088,0.05488,2
,,0.00092,0.05492,1.92
,,0.00096,0.05496,1.84
,,0.001,0.055,1.76
,,0.00104,0.05504,1.76
,,0.00108,0.05508,1.6
,,0.00112,0.05512,1.6
,,0.00116,0.05516,1.52
,,0.0012,0.0552,1.52
,,0.00124,0.05524,1.44
,,0.00128,0.05528,1.36
,,0.00132,0.05532,1.28
,,0.00136,0.05536,1.2
,,0.0014,0.0554,1.2
,,0.00144,0.05544,1.12
,,0.00148,0.05548,1.12
,,0.00152,0.05552,1.04
,,0.00156,0.05556,0.96
,,0.0016,0.0556,0.96
,,0.00164,0.05564,0.96
,,0.00168,0.05568,0.88
,,0.00172,0.05572,0.88
,,0.00176,0.05576,0.8
,,0.0018,0.0558,0.8
,,0.00184,0.05584,0.8
,,0.00188,0.05588,0.72
,,0.00192,0.05592,0.72
,,0.00196,0.05596,0.72
,,0.002,0.056,0.64
,,0.00204,0.05604,0.64
,,0.00208,0.05608,0.64
,,0.00212,0.05612,0.64
,,0.00216,0.05616,0.56
,,0.0022,0.0562,0.48
,,0.00224,0.05624,0.56
,,0.00228,0.05628,0.48
,,0.00232,0.05632,0.48
,,0.00236,0.05636,0.48
,,0.0024,0.0564,0.48
,,0.00244,0.05644,0.4
,,0.00248,0.05648,0.4
,,0.00252,0.05652,0.4
,,0.00256,0.05656,0.32
,,0.0026,0.0566,0.32
,,0.00264,0.05664,0.32
,,0.00268,0.05668,0.32
,,0.00272,0.05672,0.32
,,0.00276,0.05676,0.32
,,0.0028,0.0568,0.32
,,0.00284,0.05684,0.32
,,0.00288,0.05688,0.24
,,0.00292,0.05692,0.24
,,0.00296,0.05696,0.24
,,0.003,0.057,0.24
,,0.00304,0.05704,0.24
,,0.00308,0.05708,0.24
,,0.00312,0.05712,0.24
,,0.00316,0.05716,0.16
,,0.0032,0.0572,0.16
,,0.00324,0.05724,0.24
,,0.00328,0.05728,0.16
,,0.00332,0.05732,0.16
,,0.00336,0.05736,0.24
,,0.0034,0.0574,0.08
,,0.00344,0.05744,0.16
,,0.00348,0.05748,0.16
,,0.00352,0.05752,0.08
,,0.00356,0.05756,0.08
,,0.0036,0.0576,0.16
,,0.00364,0.05764,0.16
,,0.00368,0.05768,0.08
,,0.00372,0.05772,0.08
,,0.00376,0.05776,0.08
,,0.0038,0.0578,0.16
,,0.00384,0.05784,0.08
,,0.00388,0.05788,0.08
,,0.00392,0.05792,0.08
,,0.00396,0.05796,0.08
,,0.004,0.058,0.08
,,0.00404,0.05804,0.08
,,0.00408,0.05808,0.08
,,0.00412,0.05812,0.08
,,0.00416,0.05816,0.08
,,0.0042,0.0582,0.08
,,0.00424,0.05824,0.08
,,0.00428,0.05828,0.08
,,0.00432,0.05832,0.08
,,0.00436,0.05836,0.08
,,0.0044,0.0584,0.08
,,0.00444,0.05844,0.08
,,0.00448,0.05848,0
,,0.00452,0.05852,0.08
,,0.00456,0.05856,0
,,0.0046,0.0586,0.08
,,0.00464,0.05864,0
,,0.00468,0.05868,0.08
,,0.00472,0.05872,0
,,0.00476,0.05876,0.08
,,0.0048,0.0588,0.08
,,0.00484,0.05884,0.08
,,0.00488,0.05888,0.08
,,0.00492,0.05892,0
,,0.00496,0.05896,0.08
,,0.005,0.059,0
,,0.00504,0.05904,0
,,0.00508,0.05908,0.08
,,0.00512,0.05912,0
,,0.00516,0.05916,0
,,0.0052,0.0592,0
,,0.00524,0.05924,0
,,0.00528,0.05928,0
,,0.00532,0.05932,0
,,0.00536,0.05936,0.08
,,0.0054,0.0594,0
,,0.00544,0.05944,0
,,0.00548,0.05948,0
,,0.00552,0.05952,0.08
,,0.00556,0.05956,0.08
,,0.0056,0.0596,0
,,0.00564,0.05964,0
,,0.00568,0.05968,0
,,0.00572,0.05972,0
,,0.00576,0.05976,0
,,0.0058,0.0598,0.08
,,0.00584,0.05984,0
,,0.00588,0.05988,0
,,0.00592,0.05992,0
,,0.00596,0.05996,0
,,0.006,0.06,0
,,0.00604,0.06004,0
,,0.00608,0.06008,0
,,0.00612,0.06012,0
,,0.00616,0.06016,0
,,0.0062,0.0602,0
,,0.00624,0.06024,0
,,0.00628,0.06028,0
,,0.00632,0.06032,0
,,0.00636,0.06036,0
,,0.0064,0.0604,0
,,0.00644,0.06044,0
,,0.00648,0.06048,0
,,0.00652,0.06052,0
,,0.00656,0.06056,0
,,0.0066,0.0606,0
,,0.00664,0.06064,0
,,0.00668,0.06068,0
,,0.00672,0.06072,0
,,0.00676,0.06076,0
,,0.0068,0.0608,0
,,0.00684,0.06084,0
,,0.00688,0.06088,0
,,0.00692,0.06092,0
,,0.00696,0.06096,-0.08
,,0.007,0.061,0
,,0.00704,0.06104,0
,,0.00708,0.06108,0
,,0.00712,0.06112,0
,,0.00716,0.06116,0.08
,,0.0072,0.0612,0
,,0.00724,0.06124,0
,,0.00728,0.06128,0
,,0.00732,0.06132,0
,,0.00736,0.06136,0
,,0.0074,0.0614,0
,,0.00744,0.06144,0
,,0.00748,0.06148,0
,,0.00752,0.06152,0
,,0.00756,0.06156,0
,,0.0076,0.0616,0
,,0.00764,0.06164,0
,,0.00768,0.06168,0
,,0.00772,0.06172,0
,,0.00776,0.06176,0
,,0.0078,0.0618,0
,,0.00784,0.06184,0
,,0.00788,0.06188,-0.08
,,0.00792,0.06192,0.08
,,0.00796,0.06196,0
,,0.008,0.062,0
,,0.00804,0.06204,0
,,0.00808,0.06208,0
,,0.00812,0.06212,0
,,0.00816,0.06216,0
,,0.0082,0.0622,-0.08
,,0.00824,0.06224,0
,,0.00828,0.06228,0
,,0.00832,0.06232,0
,,0.00836,0.06236,0
,,0.0084,0.0624,0
,,0.00844,0.06244,0
,,0.00848,0.06248,0
,,0.00852,0.06252,0
,,0.00856,0.06256,0.08
,,0.0086,0.0626,0
,,0.00864,0.06264,0
,,0.00868,0.06268,0
,,0.00872,0.06272,0
,,0.00876,0.06276,0
,,0.0088,0.0628,0
,,0.00884,0.06284,0
,,0.00888,0.06288,0
,,0.00892,0.06292,0
,,0.00896,0.06296,-0.08
,,0.009,0.063,0
,,0.00904,0.06304,0
,,0.00908,0.06308,0
,,0.00912,0.06312,0
,,0.00916,0.06316,0
,,0.0092,0.0632,0
,,0.00924,0.06324,-0.08
,,0.00928,0.06328,0
,,0.00932,0.06332,0
,,0.00936,0.06336,0
,,0.0094,0.0634,0
,,0.00944,0.06344,0
,,0.00948,0.06348,0
,,0.00952,0.06352,-0.08
,,0.00956,0.06356,0
,,0.0096,0.0636,0
,,0.00964,0.06364,0
,,0.00968,0.06368,0
,,0.00972,0.06372,-0.08
,,0.00976,0.06376,0
,,0.0098,0.0638,0
,,0.00984,0.06384,0
,,0.00988,0.06388,0
,,0.00992,0.06392,0
,,0.00996,0.06396,0
,,0.01,0.064,0
,,0.01004,0.06404,0
,,0.01008,0.06408,0
,,0.01012,0.06412,0
,,0.01016,0.06416,0
,,0.0102,0.0642,0
,,0.01024,0.06424,0
,,0.01028,0.06428,0
,,0.01032,0.06432,0
,,0.01036,0.06436,0
,,0.0104,0.0644,0
,,0.01044,0.06444,0
,,0.01048,0.06448,0
,,0.01052,0.06452,0
,,0.01056,0.06456,0
,,0.0106,0.0646,0
,,0.01064,0.06464,0
,,0.01068,0.06468,0
,,0.01072,0.06472,0
,,0.01076,0.06476,0
,,0.0108,0.0648,0
,,0.01084,0.06484,0
,,0.01088,0.06488,-0.08
,,0.01092,0.06492,0
,,0.01096,0.06496,-0.08
,,0.011,0.065,0
,,0.01104,0.06504,0
,,0.01108,0.06508,0.08
,,0.01112,0.06512,0
,,0.01116,0.06516,0
,,0.0112,0.0652,0
,,0.01124,0.06524,0
,,0.01128,0.06528,0
,,0.01132,0.06532,0
,,0.01136,0.06536,0
,,0.0114,0.0654,0
,,0.01144,0.06544,0
,,0.01148,0.06548,0
,,0.01152,0.06552,0
,,0.01156,0.06556,0
,,0.0116,0.0656,0
,,0.01164,0.06564,-0.08
,,0.01168,0.06568,0
,,0.01172,0.06572,0
,,0.01176,0.06576,0
,,0.0118,0.0658,0
,,0.01184,0.06584,0
,,0.01188,0.06588,0
,,0.01192,0.06592,0
,,0.01196,0.06596,0
,,0.012,0.066,0
,,0.01204,0.06604,0
,,0.01208,0.06608,0
,,0.01212,0.06612,0
,,0.01216,0.06616,0
,,0.0122,0.0662,0
,,0.01224,0.06624,0
,,0.01228,0.06628,0
,,0.01232,0.06632,0
,,0.01236,0.06636,-0.08
,,0.0124,0.0664,0
,,0.01244,0.06644,-0.08
,,0.01248,0.06648,0
,,0.01252,0.06652,0
,,0.01256,0.06656,0
,,0.0126,0.0666,0
,,0.01264,0.06664,-0.08
,,0.01268,0.06668,0
,,0.01272,0.06672,0
,,0.01276,0.06676,0
,,0.0128,0.0668,0
,,0.01284,0.06684,0
,,0.01288,0.06688,0
,,0.01292,0.06692,0
,,0.01296,0.06696,0
,,0.013,0.067,0
,,0.01304,0.06704,0
,,0.01308,0.06708,0
,,0.01312,0.06712,0
,,0.01316,0.06716,0
,,0.0132,0.0672,0
,,0.01324,0.06724,0
,,0.01328,0.06728,0
,,0.01332,0.06732,0
,,0.01336,0.06736,0
,,0.0134,0.0674,0
,,0.01344,0.06744,0
,,0.01348,0.06748,0
,,0.01352,0.06752,0
,,0.01356,0.06756,0
,,0.0136,0.0676,0
,,0.01364,0.06764,0
,,0.01368,0.06768,0
,,0.01372,0.06772,0
,,0.01376,0.06776,0
,,0.0138,0.0678,0
,,0.01384,0.06784,0.08
,,0.01388,0.06788,0
,,0.01392,0.06792,0
,,0.01396,0.06796,0
