x-axis,1,2,,
second,Volt,Volt,H£¨A/m£©,B/T
-4.63E-03,6.75E-01,5.84E-03,0.04512,0.08344
-4.62E-03,6.80E-01,5.92E-03,0.04545,0.08452
-4.61E-03,6.86E-01,5.98E-03,0.04587,0.08541
-4.61E-03,6.92E-01,6.03E-03,0.04629,0.08613
-4.60E-03,6.97E-01,6.12E-03,0.04663,0.08739
-4.60E-03,7.05E-01,6.18E-03,0.04713,0.08828
-4.59E-03,7.12E-01,6.27E-03,0.04764,0.08954
-4.59E-03,7.17E-01,6.33E-03,0.04797,0.09044
-4.58E-03,7.24E-01,6.43E-03,0.04839,0.09187
-4.58E-03,7.31E-01,6.47E-03,0.04890,0.09241
-4.57E-03,7.35E-01,6.53E-03,0.04915,0.09331
-4.57E-03,7.44E-01,6.66E-03,0.04974,0.09510
-4.56E-03,7.49E-01,6.71E-03,0.05008,0.09582
-4.56E-03,7.56E-01,6.77E-03,0.05058,0.09672
-4.55E-03,7.61E-01,6.87E-03,0.05092,0.09815
-4.55E-03,7.68E-01,6.93E-03,0.05134,0.09905
-4.54E-03,7.74E-01,7.00E-03,0.05176,0.09995
-4.54E-03,7.80E-01,7.09E-03,0.05218,0.10120
-4.53E-03,7.88E-01,7.16E-03,0.05268,0.10228
-4.53E-03,7.93E-01,7.24E-03,0.05302,0.10336
-4.52E-03,7.98E-01,7.36E-03,0.05335,0.10515
-4.52E-03,8.07E-01,7.39E-03,0.05394,0.10551
-4.51E-03,8.12E-01,7.44E-03,0.05428,0.10623
-4.51E-03,8.19E-01,7.54E-03,0.05478,0.10766
-4.50E-03,8.25E-01,7.61E-03,0.05520,0.10874
-4.49E-03,8.33E-01,7.66E-03,0.05570,0.10946
-4.49E-03,8.40E-01,7.75E-03,0.05621,0.11072
-4.48E-03,8.44E-01,7.84E-03,0.05646,0.11197
-4.48E-03,8.52E-01,7.86E-03,0.05696,0.11233
-4.47E-03,8.59E-01,7.98E-03,0.05747,0.11395
-4.47E-03,8.64E-01,8.03E-03,0.05780,0.11466
-4.46E-03,8.72E-01,8.09E-03,0.05831,0.11556
-4.46E-03,8.78E-01,8.18E-03,0.05873,0.11682
-4.45E-03,8.86E-01,8.20E-03,0.05923,0.11718
-4.45E-03,8.89E-01,8.28E-03,0.05949,0.11825
-4.44E-03,8.98E-01,8.35E-03,0.06007,0.11933
-4.44E-03,9.05E-01,8.43E-03,0.06049,0.12040
-4.43E-03,9.08E-01,8.49E-03,0.06075,0.12130
-4.43E-03,9.16E-01,8.52E-03,0.06125,0.12166
-4.42E-03,9.23E-01,8.62E-03,0.06175,0.12310
-4.42E-03,9.28E-01,8.67E-03,0.06209,0.12381
-4.41E-03,9.35E-01,8.74E-03,0.06251,0.12489
-4.41E-03,9.42E-01,8.82E-03,0.06301,0.12597
-4.40E-03,9.48E-01,8.86E-03,0.06343,0.12651
-4.40E-03,9.56E-01,8.92E-03,0.06394,0.12740
-4.39E-03,9.64E-01,8.99E-03,0.06444,0.12848
-4.39E-03,9.66E-01,9.02E-03,0.06461,0.12884
-4.38E-03,9.74E-01,9.10E-03,0.06511,0.12992
-4.38E-03,9.80E-01,9.16E-03,0.06553,0.13081
-4.37E-03,9.86E-01,9.23E-03,0.06595,0.13189
-4.36E-03,9.92E-01,9.26E-03,0.06637,0.13225
-4.36E-03,1.00E+00,9.35E-03,0.06696,0.13350
-4.35E-03,1.01E+00,9.41E-03,0.06738,0.13440
-4.35E-03,1.02E+00,9.43E-03,0.06789,0.13476
-4.34E-03,1.02E+00,9.48E-03,0.06814,0.13548
-4.34E-03,1.03E+00,9.59E-03,0.06856,0.13691
-4.33E-03,1.03E+00,9.62E-03,0.06906,0.13745
-4.33E-03,1.04E+00,9.69E-03,0.06948,0.13835
-4.32E-03,1.04E+00,9.76E-03,0.06974,0.13943
-4.32E-03,1.05E+00,9.76E-03,0.07032,0.13943
-4.31E-03,1.06E+00,9.84E-03,0.07066,0.14050
-4.31E-03,1.06E+00,9.91E-03,0.07116,0.14158
-4.30E-03,1.07E+00,9.94E-03,0.07150,0.14194
-4.30E-03,1.07E+00,1.00E-02,0.07184,0.14284
-4.29E-03,1.08E+00,1.01E-02,0.07242,0.14391
-4.29E-03,1.09E+00,1.01E-02,0.07276,0.14391
-4.28E-03,1.09E+00,1.02E-02,0.07318,0.14517
-4.28E-03,1.10E+00,1.03E-02,0.07360,0.14678
-4.27E-03,1.11E+00,1.02E-02,0.07394,0.14624
-4.27E-03,1.11E+00,1.03E-02,0.07436,0.14732
-4.26E-03,1.12E+00,1.04E-02,0.07469,0.14804
-4.26E-03,1.12E+00,1.04E-02,0.07520,0.14858
-4.25E-03,1.13E+00,1.05E-02,0.07553,0.14947
-4.24E-03,1.14E+00,1.06E-02,0.07595,0.15073
-4.24E-03,1.14E+00,1.06E-02,0.07629,0.15091
-4.23E-03,1.15E+00,1.06E-02,0.07671,0.15127
-4.23E-03,1.15E+00,1.07E-02,0.07721,0.15235
-4.22E-03,1.16E+00,1.07E-02,0.07763,0.15288
-4.22E-03,1.17E+00,1.08E-02,0.07805,0.15360
-4.21E-03,1.17E+00,1.08E-02,0.07831,0.15414
-4.21E-03,1.18E+00,1.08E-02,0.07873,0.15486
-4.20E-03,1.18E+00,1.09E-02,0.07915,0.15522
-4.20E-03,1.19E+00,1.09E-02,0.07948,0.15575
-4.19E-03,1.19E+00,1.10E-02,0.07973,0.15683
-4.19E-03,1.20E+00,1.10E-02,0.08032,0.15683
-4.18E-03,1.21E+00,1.11E-02,0.08066,0.15809
-4.18E-03,1.21E+00,1.11E-02,0.08091,0.15827
-4.17E-03,1.21E+00,1.11E-02,0.08108,0.15845
-4.17E-03,1.22E+00,1.11E-02,0.08150,0.15916
-4.16E-03,1.23E+00,1.12E-02,0.08200,0.16042
-4.16E-03,1.23E+00,1.12E-02,0.08234,0.16024
-4.15E-03,1.23E+00,1.13E-02,0.08259,0.16096
-4.15E-03,1.24E+00,1.13E-02,0.08301,0.16132
-4.14E-03,1.25E+00,1.14E-02,0.08335,0.16257
-4.14E-03,1.25E+00,1.14E-02,0.08385,0.16221
-4.13E-03,1.26E+00,1.14E-02,0.08402,0.16257
-4.13E-03,1.26E+00,1.15E-02,0.08419,0.16383
-4.12E-03,1.27E+00,1.15E-02,0.08469,0.16401
-4.11E-03,1.27E+00,1.15E-02,0.08511,0.16437
-4.11E-03,1.27E+00,1.16E-02,0.08520,0.16544
-4.10E-03,1.28E+00,1.16E-02,0.08562,0.16527
-4.10E-03,1.29E+00,1.16E-02,0.08595,0.16598
-4.09E-03,1.29E+00,1.17E-02,0.08629,0.16652
-4.09E-03,1.29E+00,1.16E-02,0.08654,0.16634
-4.08E-03,1.30E+00,1.17E-02,0.08679,0.16688
-4.08E-03,1.30E+00,1.17E-02,0.08721,0.16778
-4.07E-03,1.31E+00,1.17E-02,0.08755,0.16742
-4.07E-03,1.31E+00,1.18E-02,0.08763,0.16814
-4.06E-03,1.31E+00,1.18E-02,0.08780,0.16903
-4.06E-03,1.32E+00,1.18E-02,0.08814,0.16885
-4.05E-03,1.32E+00,1.18E-02,0.08847,0.16903
-4.05E-03,1.33E+00,1.19E-02,0.08881,0.17047
-4.04E-03,1.33E+00,1.19E-02,0.08906,0.17011
-4.04E-03,1.33E+00,1.19E-02,0.08923,0.17047
-4.03E-03,1.34E+00,1.20E-02,0.08956,0.17137
-4.03E-03,1.34E+00,1.20E-02,0.08990,0.17155
-4.02E-03,1.35E+00,1.20E-02,0.08998,0.17119
-4.02E-03,1.35E+00,1.20E-02,0.09024,0.17208
-4.01E-03,1.35E+00,1.21E-02,0.09057,0.17244
-4.01E-03,1.36E+00,1.21E-02,0.09082,0.17226
-4.00E-03,1.36E+00,1.21E-02,0.09091,0.17316
-3.99E-03,1.36E+00,1.21E-02,0.09116,0.17334
-3.99E-03,1.37E+00,1.21E-02,0.09133,0.17316
-3.98E-03,1.37E+00,1.22E-02,0.09150,0.17370
-3.98E-03,1.37E+00,1.22E-02,0.09183,0.17370
-3.97E-03,1.37E+00,1.22E-02,0.09175,0.17388
-3.97E-03,1.38E+00,1.22E-02,0.09208,0.17442
-3.96E-03,1.38E+00,1.22E-02,0.09225,0.17478
-3.96E-03,1.38E+00,1.22E-02,0.09242,0.17478
-3.95E-03,1.38E+00,1.22E-02,0.09251,0.17460
-3.95E-03,1.39E+00,1.23E-02,0.09276,0.17513
-3.94E-03,1.39E+00,1.23E-02,0.09301,0.17513
-3.94E-03,1.39E+00,1.22E-02,0.09301,0.17460
-3.93E-03,1.39E+00,1.23E-02,0.09309,0.17567
-3.93E-03,1.39E+00,1.23E-02,0.09326,0.17603
-3.92E-03,1.40E+00,1.23E-02,0.09343,0.17549
-3.92E-03,1.40E+00,1.23E-02,0.09351,0.17603
-3.91E-03,1.40E+00,1.23E-02,0.09360,0.17621
-3.91E-03,1.40E+00,1.23E-02,0.09393,0.17639
-3.90E-03,1.40E+00,1.24E-02,0.09385,0.17675
-3.90E-03,1.40E+00,1.24E-02,0.09393,0.17675
-3.89E-03,1.40E+00,1.23E-02,0.09393,0.17603
-3.89E-03,1.41E+00,1.24E-02,0.09402,0.17657
-3.88E-03,1.41E+00,1.24E-02,0.09427,0.17729
-3.88E-03,1.41E+00,1.24E-02,0.09435,0.17675
-3.87E-03,1.41E+00,1.24E-02,0.09435,0.17711
-3.86E-03,1.41E+00,1.24E-02,0.09427,0.17729
-3.86E-03,1.41E+00,1.23E-02,0.09444,0.17621
-3.85E-03,1.42E+00,1.24E-02,0.09469,0.17711
-3.85E-03,1.41E+00,1.24E-02,0.09444,0.17747
-3.84E-03,1.41E+00,1.24E-02,0.09444,0.17693
-3.84E-03,1.41E+00,1.24E-02,0.09444,0.17711
-3.83E-03,1.42E+00,1.25E-02,0.09469,0.17801
-3.83E-03,1.41E+00,1.24E-02,0.09444,0.17729
-3.82E-03,1.41E+00,1.24E-02,0.09444,0.17729
-3.82E-03,1.41E+00,1.24E-02,0.09452,0.17765
-3.81E-03,1.41E+00,1.24E-02,0.09452,0.17711
-3.81E-03,1.41E+00,1.24E-02,0.09461,0.17711
-3.80E-03,1.41E+00,1.24E-02,0.09444,0.17711
-3.80E-03,1.41E+00,1.24E-02,0.09444,0.17729
-3.79E-03,1.41E+00,1.24E-02,0.09452,0.17693
-3.79E-03,1.41E+00,1.24E-02,0.09427,0.17747
-3.78E-03,1.41E+00,1.24E-02,0.09419,0.17711
-3.78E-03,1.41E+00,1.24E-02,0.09427,0.17657
-3.77E-03,1.41E+00,1.24E-02,0.09427,0.17711
-3.77E-03,1.41E+00,1.24E-02,0.09402,0.17675
-3.76E-03,1.41E+00,1.24E-02,0.09410,0.17693
-3.76E-03,1.40E+00,1.24E-02,0.09377,0.17675
-3.75E-03,1.40E+00,1.24E-02,0.09368,0.17657
-3.74E-03,1.40E+00,1.23E-02,0.09368,0.17639
-3.74E-03,1.40E+00,1.23E-02,0.09351,0.17513
-3.73E-03,1.40E+00,1.23E-02,0.09335,0.17585
-3.73E-03,1.39E+00,1.23E-02,0.09326,0.17603
-3.72E-03,1.39E+00,1.23E-02,0.09309,0.17549
-3.72E-03,1.39E+00,1.23E-02,0.09267,0.17567
-3.71E-03,1.38E+00,1.22E-02,0.09259,0.17495
-3.71E-03,1.38E+00,1.22E-02,0.09251,0.17478
-3.70E-03,1.38E+00,1.22E-02,0.09242,0.17495
-3.70E-03,1.38E+00,1.22E-02,0.09217,0.17495
-3.69E-03,1.38E+00,1.22E-02,0.09200,0.17388
-3.69E-03,1.37E+00,1.22E-02,0.09166,0.17406
-3.68E-03,1.37E+00,1.22E-02,0.09150,0.17442
-3.68E-03,1.37E+00,1.21E-02,0.09133,0.17352
-3.67E-03,1.36E+00,1.21E-02,0.09082,0.17316
-3.67E-03,1.36E+00,1.22E-02,0.09066,0.17388
-3.66E-03,1.36E+00,1.21E-02,0.09066,0.17226
-3.66E-03,1.35E+00,1.21E-02,0.09015,0.17280
-3.65E-03,1.35E+00,1.21E-02,0.09015,0.17316
-3.65E-03,1.34E+00,1.20E-02,0.08965,0.17190
-3.64E-03,1.34E+00,1.20E-02,0.08948,0.17208
-3.64E-03,1.33E+00,1.21E-02,0.08914,0.17244
-3.63E-03,1.33E+00,1.20E-02,0.08889,0.17101
-3.63E-03,1.32E+00,1.20E-02,0.08856,0.17137
-3.62E-03,1.32E+00,1.20E-02,0.08839,0.17208
-3.61E-03,1.32E+00,1.19E-02,0.08805,0.17029
-3.61E-03,1.31E+00,1.19E-02,0.08772,0.17011
-3.60E-03,1.31E+00,1.20E-02,0.08738,0.17083
-3.60E-03,1.30E+00,1.19E-02,0.08713,0.16975
-3.59E-03,1.30E+00,1.19E-02,0.08662,0.16939
-3.59E-03,1.29E+00,1.19E-02,0.08637,0.16975
-3.58E-03,1.29E+00,1.18E-02,0.08595,0.16867
-3.58E-03,1.28E+00,1.18E-02,0.08562,0.16832
-3.57E-03,1.28E+00,1.18E-02,0.08545,0.16832
-3.57E-03,1.27E+00,1.17E-02,0.08494,0.16760
-3.56E-03,1.26E+00,1.17E-02,0.08444,0.16706
-3.56E-03,1.26E+00,1.17E-02,0.08427,0.16760
-3.55E-03,1.25E+00,1.17E-02,0.08385,0.16670
-3.55E-03,1.25E+00,1.16E-02,0.08360,0.16616
-3.54E-03,1.24E+00,1.16E-02,0.08309,0.16634
-3.54E-03,1.24E+00,1.16E-02,0.08276,0.16544
-3.53E-03,1.23E+00,1.16E-02,0.08234,0.16509
-3.53E-03,1.23E+00,1.16E-02,0.08200,0.16509
-3.52E-03,1.22E+00,1.15E-02,0.08150,0.16455
-3.52E-03,1.21E+00,1.15E-02,0.08099,0.16383
-3.51E-03,1.21E+00,1.15E-02,0.08083,0.16365
-3.51E-03,1.20E+00,1.14E-02,0.08041,0.16329
-3.50E-03,1.19E+00,1.14E-02,0.07982,0.16221
-3.49E-03,1.19E+00,1.13E-02,0.07940,0.16150
-3.49E-03,1.18E+00,1.14E-02,0.07906,0.16221
-3.48E-03,1.18E+00,1.13E-02,0.07864,0.16168
-3.48E-03,1.17E+00,1.12E-02,0.07831,0.16042
-3.47E-03,1.16E+00,1.12E-02,0.07755,0.16060
-3.47E-03,1.16E+00,1.12E-02,0.07730,0.15988
-3.46E-03,1.15E+00,1.11E-02,0.07696,0.15863
-3.46E-03,1.14E+00,1.11E-02,0.07637,0.15916
-3.45E-03,1.13E+00,1.11E-02,0.07579,0.15863
-3.45E-03,1.13E+00,1.10E-02,0.07545,0.15719
-3.44E-03,1.12E+00,1.10E-02,0.07511,0.15755
-3.44E-03,1.12E+00,1.10E-02,0.07461,0.15719
-3.43E-03,1.11E+00,1.09E-02,0.07394,0.15558
-3.43E-03,1.10E+00,1.09E-02,0.07335,0.15575
-3.42E-03,1.09E+00,1.09E-02,0.07310,0.15540
-3.42E-03,1.08E+00,1.08E-02,0.07251,0.15414
-3.41E-03,1.08E+00,1.08E-02,0.07200,0.15396
-3.41E-03,1.07E+00,1.08E-02,0.07167,0.15396
-3.40E-03,1.06E+00,1.07E-02,0.07116,0.15288
-3.40E-03,1.06E+00,1.07E-02,0.07058,0.15235
-3.39E-03,1.05E+00,1.07E-02,0.06999,0.15235
-3.39E-03,1.04E+00,1.06E-02,0.06965,0.15091
-3.38E-03,1.04E+00,1.06E-02,0.06923,0.15109
-3.38E-03,1.03E+00,1.06E-02,0.06881,0.15145
-3.37E-03,1.02E+00,1.05E-02,0.06814,0.14930
-3.36E-03,1.01E+00,1.05E-02,0.06755,0.14947
-3.36E-03,1.01E+00,1.04E-02,0.06722,0.14894
-3.35E-03,9.97E-01,1.03E-02,0.06671,0.14750
-3.35E-03,9.86E-01,1.03E-02,0.06595,0.14732
-3.34E-03,9.80E-01,1.03E-02,0.06553,0.14732
-3.34E-03,9.71E-01,1.02E-02,0.06495,0.14589
-3.33E-03,9.66E-01,1.02E-02,0.06461,0.14589
-3.33E-03,9.60E-01,1.02E-02,0.06419,0.14571
-3.32E-03,9.50E-01,1.01E-02,0.06352,0.14373
-3.32E-03,9.41E-01,1.01E-02,0.06293,0.14373
-3.31E-03,9.33E-01,1.01E-02,0.06243,0.14391
-3.31E-03,9.26E-01,9.92E-03,0.06192,0.14176
-3.30E-03,9.20E-01,9.96E-03,0.06150,0.14230
-3.30E-03,9.08E-01,9.94E-03,0.06075,0.14194
-3.29E-03,9.02E-01,9.80E-03,0.06033,0.13996
-3.29E-03,8.92E-01,9.77E-03,0.05965,0.13961
-3.28E-03,8.83E-01,9.81E-03,0.05907,0.14014
-3.28E-03,8.76E-01,9.66E-03,0.05856,0.13799
-3.27E-03,8.68E-01,9.65E-03,0.05806,0.13781
-3.27E-03,8.61E-01,9.66E-03,0.05755,0.13799
-3.26E-03,8.49E-01,9.54E-03,0.05680,0.13620
-3.26E-03,8.43E-01,9.52E-03,0.05638,0.13602
-3.25E-03,8.35E-01,9.54E-03,0.05587,0.13620
-3.24E-03,8.29E-01,9.41E-03,0.05545,0.13440
-3.24E-03,8.18E-01,9.38E-03,0.05470,0.13404
-3.23E-03,8.12E-01,9.38E-03,0.05428,0.13404
-3.23E-03,8.02E-01,9.28E-03,0.05360,0.13261
-3.22E-03,7.91E-01,9.23E-03,0.05293,0.13189
-3.22E-03,7.88E-01,9.22E-03,0.05268,0.13171
-3.21E-03,7.75E-01,9.12E-03,0.05184,0.13027
-3.21E-03,7.69E-01,9.07E-03,0.05142,0.12956
-3.20E-03,7.63E-01,9.06E-03,0.05100,0.12938
-3.20E-03,7.53E-01,8.96E-03,0.05033,0.12794
-3.19E-03,7.44E-01,8.88E-03,0.04974,0.12686
-3.19E-03,7.39E-01,8.88E-03,0.04940,0.12686
-3.18E-03,7.29E-01,8.82E-03,0.04873,0.12597
-3.18E-03,7.20E-01,8.76E-03,0.04814,0.12507
-3.17E-03,7.11E-01,8.71E-03,0.04755,0.12435
-3.17E-03,7.04E-01,8.66E-03,0.04705,0.12363
-3.16E-03,6.95E-01,8.59E-03,0.04646,0.12274
-3.16E-03,6.88E-01,8.57E-03,0.04604,0.12238
-3.15E-03,6.77E-01,8.49E-03,0.04529,0.12130
-3.15E-03,6.70E-01,8.43E-03,0.04478,0.12040
-3.14E-03,6.62E-01,8.39E-03,0.04428,0.11987
-3.14E-03,6.52E-01,8.32E-03,0.04361,0.11879
-3.13E-03,6.43E-01,8.27E-03,0.04302,0.11807
-3.13E-03,6.36E-01,8.20E-03,0.04251,0.11718
-3.12E-03,6.27E-01,8.17E-03,0.04193,0.11664
-3.11E-03,6.18E-01,8.10E-03,0.04134,0.11574
-3.11E-03,6.11E-01,8.00E-03,0.04083,0.11430
-3.10E-03,6.03E-01,7.99E-03,0.04033,0.11412
-3.10E-03,5.93E-01,7.93E-03,0.03966,0.11323
-3.09E-03,5.85E-01,7.86E-03,0.03915,0.11233
-3.09E-03,5.77E-01,7.81E-03,0.03856,0.11161
-3.08E-03,5.69E-01,7.74E-03,0.03806,0.11054
-3.08E-03,5.62E-01,7.66E-03,0.03756,0.10946
-3.07E-03,5.55E-01,7.64E-03,0.03714,0.10910
-3.07E-03,5.45E-01,7.55E-03,0.03646,0.10784
-3.06E-03,5.39E-01,7.49E-03,0.03604,0.10695
-3.06E-03,5.29E-01,7.46E-03,0.03537,0.10659
-3.05E-03,5.20E-01,7.37E-03,0.03478,0.10533
-3.05E-03,5.14E-01,7.27E-03,0.03436,0.10390
-3.04E-03,5.03E-01,7.26E-03,0.03361,0.10372
-3.04E-03,4.94E-01,7.20E-03,0.03302,0.10282
-3.03E-03,4.89E-01,7.11E-03,0.03268,0.10156
-3.03E-03,4.77E-01,7.09E-03,0.03193,0.10120
-3.02E-03,4.67E-01,7.01E-03,0.03126,0.10013
-3.02E-03,4.61E-01,6.95E-03,0.03083,0.09923
-3.01E-03,4.52E-01,6.92E-03,0.03025,0.09887
-3.01E-03,4.45E-01,6.81E-03,0.02974,0.09726
-3.00E-03,4.36E-01,6.72E-03,0.02915,0.09600
-2.99E-03,4.28E-01,6.71E-03,0.02865,0.09582
-2.99E-03,4.21E-01,6.65E-03,0.02815,0.09492
-2.98E-03,4.12E-01,6.53E-03,0.02756,0.09331
-2.98E-03,4.06E-01,6.55E-03,0.02714,0.09349
-2.97E-03,3.96E-01,6.42E-03,0.02647,0.09169
-2.97E-03,3.89E-01,6.34E-03,0.02605,0.09062
-2.96E-03,3.81E-01,6.31E-03,0.02546,0.09008
-2.96E-03,3.72E-01,6.23E-03,0.02487,0.08900
-2.95E-03,3.64E-01,6.12E-03,0.02437,0.08739
-2.95E-03,3.57E-01,6.12E-03,0.02386,0.08739
-2.94E-03,3.49E-01,6.04E-03,0.02336,0.08631
-2.94E-03,3.42E-01,5.92E-03,0.02285,0.08452
-2.93E-03,3.33E-01,5.90E-03,0.02227,0.08434
-2.93E-03,3.27E-01,5.83E-03,0.02184,0.08326
-2.92E-03,3.18E-01,5.74E-03,0.02126,0.08200
-2.92E-03,3.08E-01,5.73E-03,0.02058,0.08183
-2.91E-03,3.03E-01,5.62E-03,0.02025,0.08021
-2.91E-03,2.94E-01,5.52E-03,0.01966,0.07877
-2.90E-03,2.86E-01,5.50E-03,0.01916,0.07860
-2.90E-03,2.79E-01,5.44E-03,0.01865,0.07770
-2.89E-03,2.73E-01,5.31E-03,0.01823,0.07590
-2.89E-03,2.65E-01,5.30E-03,0.01773,0.07572
-2.88E-03,2.58E-01,5.23E-03,0.01722,0.07465
-2.88E-03,2.46E-01,5.10E-03,0.01647,0.07285
-2.87E-03,2.41E-01,5.11E-03,0.01613,0.07303
-2.86E-03,2.31E-01,4.99E-03,0.01546,0.07124
-2.86E-03,2.25E-01,4.91E-03,0.01504,0.07016
-2.85E-03,2.17E-01,4.91E-03,0.01454,0.07016
-2.85E-03,2.07E-01,4.79E-03,0.01386,0.06837
-2.84E-03,2.02E-01,4.69E-03,0.01353,0.06693
-2.84E-03,1.92E-01,4.69E-03,0.01285,0.06693
-2.83E-03,1.86E-01,4.59E-03,0.01243,0.06550
-2.83E-03,1.78E-01,4.46E-03,0.01193,0.06370
-2.82E-03,1.71E-01,4.45E-03,0.01143,0.06352
-2.82E-03,1.63E-01,4.35E-03,0.01092,0.06209
-2.81E-03,1.55E-01,4.26E-03,0.01033,0.06083
-2.81E-03,1.46E-01,4.23E-03,0.00975,0.06047
-2.80E-03,1.41E-01,4.15E-03,0.00941,0.05922
-2.80E-03,1.33E-01,4.03E-03,0.00891,0.05760
-2.79E-03,1.24E-01,3.99E-03,0.00832,0.05706
-2.79E-03,1.16E-01,3.92E-03,0.00773,0.05599
-2.78E-03,1.12E-01,3.82E-03,0.00748,0.05455
-2.78E-03,1.03E-01,3.78E-03,0.00689,0.05401
-2.77E-03,9.67E-02,3.71E-03,0.00647,0.05294
-2.77E-03,8.92E-02,3.59E-03,0.00597,0.05132
-2.76E-03,8.04E-02,3.56E-03,0.00538,0.05078
-2.76E-03,7.16E-02,3.47E-03,0.00479,0.04953
-2.75E-03,6.66E-02,3.38E-03,0.00445,0.04827
-2.74E-03,6.03E-02,3.33E-03,0.00403,0.04755
-2.74E-03,5.28E-02,3.25E-03,0.00353,0.04648
-2.73E-03,4.65E-02,3.15E-03,0.00311,0.04504
-2.73E-03,3.52E-02,3.08E-03,0.00235,0.04396
-2.72E-03,3.14E-02,3.00E-03,0.00210,0.04289
-2.72E-03,2.51E-02,2.91E-03,0.00168,0.04163
-2.71E-03,1.38E-02,2.85E-03,0.00092,0.04073
-2.71E-03,8.79E-03,2.79E-03,0.00059,0.03984
-2.70E-03,2.51E-03,2.74E-03,0.00017,0.03912
-2.70E-03,-3.77E-03,2.60E-03,-0.00025,0.03714
-2.69E-03,-1.26E-02,2.55E-03,-0.00084,0.03643
-2.69E-03,-1.88E-02,2.49E-03,-0.00126,0.03553
-2.68E-03,-2.51E-02,2.40E-03,-0.00168,0.03427
-2.68E-03,-3.27E-02,2.30E-03,-0.00218,0.03284
-2.67E-03,-4.02E-02,2.25E-03,-0.00269,0.03212
-2.67E-03,-4.65E-02,2.14E-03,-0.00311,0.03050
-2.66E-03,-5.28E-02,2.07E-03,-0.00353,0.02961
-2.66E-03,-5.78E-02,2.02E-03,-0.00386,0.02889
-2.65E-03,-6.53E-02,1.91E-03,-0.00437,0.02728
-2.65E-03,-7.04E-02,1.83E-03,-0.00471,0.02620
-2.64E-03,-7.91E-02,1.80E-03,-0.00529,0.02566
-2.64E-03,-8.42E-02,1.66E-03,-0.00563,0.02369
-2.63E-03,-8.92E-02,1.60E-03,-0.00597,0.02279
-2.63E-03,-9.80E-02,1.57E-03,-0.00655,0.02243
-2.62E-03,-1.07E-01,1.41E-03,-0.00714,0.02010
-2.61E-03,-1.13E-01,1.37E-03,-0.00756,0.01956
-2.61E-03,-1.19E-01,1.31E-03,-0.00798,0.01866
-2.60E-03,-1.26E-01,1.16E-03,-0.00840,0.01651
-2.60E-03,-1.34E-01,1.11E-03,-0.00899,0.01579
-2.59E-03,-1.39E-01,1.08E-03,-0.00933,0.01543
-2.59E-03,-1.47E-01,8.92E-04,-0.00983,0.01274
-2.58E-03,-1.53E-01,8.79E-04,-0.01025,0.01256
-2.58E-03,-1.60E-01,8.42E-04,-0.01067,0.01202
-2.57E-03,-1.68E-01,6.53E-04,-0.01126,0.00933
-2.57E-03,-1.73E-01,6.03E-04,-0.01159,0.00861
-2.56E-03,-1.78E-01,5.90E-04,-0.01193,0.00843
-2.56E-03,-1.87E-01,4.15E-04,-0.01252,0.00592
-2.55E-03,-1.92E-01,3.77E-04,-0.01285,0.00538
-2.55E-03,-1.98E-01,3.27E-04,-0.01327,0.00467
-2.54E-03,-2.04E-01,2.01E-04,-0.01361,0.00287
-2.54E-03,-2.14E-01,1.13E-04,-0.01428,0.00161
-2.53E-03,-2.19E-01,8.79E-05,-0.01462,0.00126
-2.53E-03,-2.26E-01,-8.79E-05,-0.01512,-0.00126
-2.52E-03,-2.31E-01,-1.13E-04,-0.01546,-0.00161
-2.52E-03,-2.37E-01,-1.76E-04,-0.01588,-0.00251
-2.51E-03,-2.42E-01,-3.02E-04,-0.01622,-0.00431
-2.51E-03,-2.49E-01,-3.52E-04,-0.01664,-0.00502
-2.50E-03,-2.55E-01,-4.15E-04,-0.01706,-0.00592
-2.49E-03,-2.61E-01,-5.65E-04,-0.01748,-0.00807
-2.49E-03,-2.69E-01,-5.90E-04,-0.01798,-0.00843
-2.48E-03,-2.75E-01,-6.66E-04,-0.01840,-0.00951
-2.48E-03,-2.80E-01,-8.04E-04,-0.01874,-0.01148
-2.47E-03,-2.89E-01,-8.17E-04,-0.01932,-0.01166
-2.47E-03,-2.96E-01,-9.05E-04,-0.01983,-0.01292
-2.46E-03,-2.99E-01,-1.06E-03,-0.02000,-0.01507
-2.46E-03,-3.09E-01,-1.07E-03,-0.02067,-0.01525
-2.45E-03,-3.12E-01,-1.14E-03,-0.02084,-0.01633
-2.45E-03,-3.20E-01,-1.28E-03,-0.02142,-0.01830
-2.44E-03,-3.27E-01,-1.29E-03,-0.02184,-0.01848
-2.44E-03,-3.32E-01,-1.44E-03,-0.02218,-0.02064
-2.43E-03,-3.38E-01,-1.51E-03,-0.02260,-0.02153
-2.43E-03,-3.45E-01,-1.56E-03,-0.02311,-0.02225
-2.42E-03,-3.53E-01,-1.65E-03,-0.02361,-0.02351
-2.42E-03,-3.56E-01,-1.76E-03,-0.02378,-0.02512
-2.41E-03,-3.64E-01,-1.83E-03,-0.02437,-0.02620
-2.41E-03,-3.69E-01,-1.93E-03,-0.02470,-0.02763
-2.40E-03,-3.74E-01,-1.97E-03,-0.02504,-0.02817
-2.40E-03,-3.82E-01,-2.07E-03,-0.02554,-0.02961
-2.39E-03,-3.86E-01,-2.15E-03,-0.02579,-0.03068
-2.39E-03,-3.93E-01,-2.19E-03,-0.02630,-0.03122
-2.38E-03,-4.01E-01,-2.36E-03,-0.02680,-0.03373
-2.38E-03,-4.07E-01,-2.42E-03,-0.02722,-0.03463
-2.37E-03,-4.12E-01,-2.40E-03,-0.02756,-0.03427
-2.36E-03,-4.18E-01,-2.61E-03,-0.02798,-0.03732
-2.36E-03,-4.23E-01,-2.65E-03,-0.02831,-0.03786
-2.35E-03,-4.28E-01,-2.66E-03,-0.02865,-0.03804
-2.35E-03,-4.36E-01,-2.85E-03,-0.02915,-0.04073
-2.34E-03,-4.42E-01,-2.93E-03,-0.02957,-0.04181
-2.34E-03,-4.46E-01,-2.95E-03,-0.02983,-0.04217
-2.33E-03,-4.54E-01,-3.13E-03,-0.03033,-0.04468
-2.33E-03,-4.61E-01,-3.15E-03,-0.03083,-0.04504
-2.32E-03,-4.66E-01,-3.23E-03,-0.03117,-0.04612
-2.32E-03,-4.70E-01,-3.38E-03,-0.03142,-0.04827
-2.31E-03,-4.79E-01,-3.42E-03,-0.03201,-0.04881
-2.31E-03,-4.84E-01,-3.49E-03,-0.03235,-0.04988
-2.30E-03,-4.89E-01,-3.63E-03,-0.03268,-0.05186
-2.30E-03,-4.96E-01,-3.66E-03,-0.03319,-0.05222
-2.29E-03,-5.03E-01,-3.72E-03,-0.03361,-0.05311
-2.29E-03,-5.08E-01,-3.89E-03,-0.03394,-0.05563
-2.28E-03,-5.14E-01,-3.87E-03,-0.03436,-0.05527
-2.28E-03,-5.21E-01,-3.96E-03,-0.03487,-0.05652
-2.27E-03,-5.26E-01,-4.13E-03,-0.03520,-0.05904
-2.27E-03,-5.31E-01,-4.10E-03,-0.03554,-0.05850
-2.26E-03,-5.39E-01,-4.22E-03,-0.03604,-0.06029
-2.26E-03,-5.44E-01,-4.36E-03,-0.03638,-0.06227
-2.25E-03,-5.50E-01,-4.37E-03,-0.03680,-0.06245
-2.24E-03,-5.59E-01,-4.46E-03,-0.03739,-0.06370
-2.24E-03,-5.62E-01,-4.57E-03,-0.03756,-0.06532
-2.23E-03,-5.69E-01,-4.62E-03,-0.03806,-0.06603
-2.23E-03,-5.74E-01,-4.74E-03,-0.03840,-0.06765
-2.22E-03,-5.78E-01,-4.76E-03,-0.03865,-0.06801
-2.22E-03,-5.87E-01,-4.89E-03,-0.03924,-0.06980
-2.21E-03,-5.92E-01,-4.94E-03,-0.03957,-0.07052
-2.21E-03,-5.99E-01,-5.00E-03,-0.04008,-0.07142
-2.20E-03,-6.07E-01,-5.13E-03,-0.04058,-0.07321
-2.20E-03,-6.13E-01,-5.20E-03,-0.04100,-0.07429
-2.19E-03,-6.18E-01,-5.21E-03,-0.04134,-0.07447
-2.19E-03,-6.23E-01,-5.40E-03,-0.04167,-0.07716
-2.18E-03,-6.28E-01,-5.49E-03,-0.04201,-0.07842
-2.18E-03,-6.34E-01,-5.48E-03,-0.04243,-0.07824
-2.17E-03,-6.42E-01,-5.65E-03,-0.04293,-0.08075
-2.17E-03,-6.48E-01,-5.69E-03,-0.04335,-0.08129
-2.16E-03,-6.52E-01,-5.73E-03,-0.04361,-0.08183
-2.16E-03,-6.60E-01,-5.88E-03,-0.04411,-0.08398
-2.15E-03,-6.67E-01,-5.93E-03,-0.04461,-0.08470
-2.15E-03,-6.72E-01,-5.98E-03,-0.04495,-0.08541
-2.14E-03,-6.81E-01,-6.12E-03,-0.04554,-0.08739
-2.14E-03,-6.86E-01,-6.17E-03,-0.04587,-0.08811
-2.13E-03,-6.92E-01,-6.23E-03,-0.04629,-0.08900
-2.13E-03,-6.98E-01,-6.39E-03,-0.04671,-0.09134
-2.12E-03,-7.05E-01,-6.41E-03,-0.04713,-0.09151
-2.11E-03,-7.11E-01,-6.44E-03,-0.04755,-0.09205
-2.11E-03,-7.16E-01,-6.60E-03,-0.04789,-0.09421
-2.10E-03,-7.26E-01,-6.62E-03,-0.04856,-0.09457
-2.10E-03,-7.30E-01,-6.68E-03,-0.04881,-0.09546
-2.09E-03,-7.37E-01,-6.83E-03,-0.04932,-0.09762
-2.09E-03,-7.44E-01,-6.82E-03,-0.04974,-0.09744
-2.08E-03,-7.50E-01,-6.95E-03,-0.05016,-0.09923
-2.08E-03,-7.54E-01,-7.01E-03,-0.05041,-0.10013
-2.07E-03,-7.61E-01,-7.07E-03,-0.05092,-0.10103
-2.07E-03,-7.69E-01,-7.19E-03,-0.05142,-0.10264
-2.06E-03,-7.74E-01,-7.16E-03,-0.05176,-0.10228
-2.06E-03,-7.80E-01,-7.32E-03,-0.05218,-0.10461
-2.05E-03,-7.85E-01,-7.37E-03,-0.05251,-0.10533
-2.05E-03,-7.91E-01,-7.39E-03,-0.05293,-0.10551
-2.04E-03,-7.99E-01,-7.56E-03,-0.05344,-0.10802
-2.04E-03,-8.05E-01,-7.61E-03,-0.05386,-0.10874
-2.03E-03,-8.12E-01,-7.63E-03,-0.05428,-0.10892
-2.03E-03,-8.19E-01,-7.78E-03,-0.05478,-0.11107
-2.02E-03,-8.24E-01,-7.81E-03,-0.05512,-0.11161
-2.02E-03,-8.32E-01,-7.85E-03,-0.05562,-0.11215
-2.01E-03,-8.37E-01,-8.00E-03,-0.05596,-0.11430
-2.01E-03,-8.42E-01,-8.02E-03,-0.05629,-0.11448
-2.00E-03,-8.48E-01,-8.08E-03,-0.05671,-0.11538
-1.99E-03,-8.56E-01,-8.20E-03,-0.05722,-0.11718
-1.99E-03,-8.62E-01,-8.25E-03,-0.05764,-0.11789
-1.98E-03,-8.68E-01,-8.25E-03,-0.05806,-0.11789
-1.98E-03,-8.73E-01,-8.43E-03,-0.05839,-0.12040
-1.97E-03,-8.83E-01,-8.43E-03,-0.05907,-0.12040
-1.97E-03,-8.88E-01,-8.48E-03,-0.05940,-0.12112
-1.96E-03,-8.94E-01,-8.62E-03,-0.05982,-0.12310
-1.96E-03,-8.99E-01,-8.59E-03,-0.06016,-0.12274
-1.95E-03,-9.08E-01,-8.71E-03,-0.06075,-0.12435
-1.95E-03,-9.13E-01,-8.79E-03,-0.06108,-0.12561
-1.94E-03,-9.20E-01,-8.81E-03,-0.06150,-0.12579
-1.94E-03,-9.27E-01,-8.92E-03,-0.06201,-0.12740
-1.93E-03,-9.35E-01,-9.01E-03,-0.06251,-0.12866
-1.93E-03,-9.40E-01,-9.06E-03,-0.06285,-0.12938
-1.92E-03,-9.46E-01,-9.11E-03,-0.06327,-0.13009
-1.92E-03,-9.51E-01,-9.16E-03,-0.06360,-0.13081
-1.91E-03,-9.60E-01,-9.23E-03,-0.06419,-0.13189
-1.91E-03,-9.67E-01,-9.31E-03,-0.06469,-0.13297
-1.90E-03,-9.70E-01,-9.30E-03,-0.06486,-0.13279
-1.90E-03,-9.80E-01,-9.48E-03,-0.06553,-0.13548
-1.89E-03,-9.85E-01,-9.50E-03,-0.06587,-0.13566
-1.89E-03,-9.90E-01,-9.47E-03,-0.06621,-0.13530
-1.88E-03,-9.97E-01,-9.64E-03,-0.06671,-0.13763
-1.88E-03,-1.00E+00,-9.66E-03,-0.06713,-0.13799
-1.87E-03,-1.01E+00,-9.69E-03,-0.06738,-0.13835
-1.86E-03,-1.02E+00,-9.82E-03,-0.06814,-0.14032
-1.86E-03,-1.02E+00,-9.85E-03,-0.06831,-0.14068
-1.85E-03,-1.03E+00,-9.89E-03,-0.06881,-0.14122
-1.85E-03,-1.04E+00,-1.00E-02,-0.06932,-0.14284
-1.84E-03,-1.04E+00,-1.00E-02,-0.06982,-0.14319
-1.84E-03,-1.05E+00,-1.01E-02,-0.07007,-0.14355
-1.83E-03,-1.05E+00,-1.02E-02,-0.07049,-0.14553
-1.83E-03,-1.06E+00,-1.02E-02,-0.07091,-0.14553
-1.82E-03,-1.07E+00,-1.02E-02,-0.07133,-0.14589
-1.82E-03,-1.07E+00,-1.04E-02,-0.07175,-0.14804
-1.81E-03,-1.08E+00,-1.03E-02,-0.07226,-0.14750
-1.81E-03,-1.09E+00,-1.04E-02,-0.07259,-0.14858
-1.80E-03,-1.09E+00,-1.05E-02,-0.07293,-0.14983
-1.80E-03,-1.10E+00,-1.05E-02,-0.07335,-0.15001
-1.79E-03,-1.10E+00,-1.06E-02,-0.07377,-0.15073
-1.79E-03,-1.11E+00,-1.06E-02,-0.07427,-0.15163
-1.78E-03,-1.12E+00,-1.07E-02,-0.07478,-0.15270
-1.78E-03,-1.12E+00,-1.07E-02,-0.07503,-0.15306
-1.77E-03,-1.13E+00,-1.07E-02,-0.07536,-0.15270
-1.77E-03,-1.13E+00,-1.08E-02,-0.07579,-0.15468
-1.76E-03,-1.14E+00,-1.09E-02,-0.07629,-0.15504
-1.76E-03,-1.15E+00,-1.09E-02,-0.07671,-0.15522
-1.75E-03,-1.15E+00,-1.10E-02,-0.07705,-0.15719
-1.74E-03,-1.16E+00,-1.10E-02,-0.07747,-0.15719
-1.74E-03,-1.16E+00,-1.10E-02,-0.07789,-0.15719
-1.73E-03,-1.17E+00,-1.11E-02,-0.07831,-0.15916
-1.73E-03,-1.18E+00,-1.12E-02,-0.07873,-0.15934
-1.72E-03,-1.18E+00,-1.12E-02,-0.07906,-0.15934
-1.72E-03,-1.19E+00,-1.13E-02,-0.07948,-0.16132
-1.71E-03,-1.20E+00,-1.13E-02,-0.07999,-0.16132
-1.71E-03,-1.20E+00,-1.13E-02,-0.08032,-0.16132
-1.70E-03,-1.20E+00,-1.14E-02,-0.08049,-0.16311
-1.70E-03,-1.21E+00,-1.14E-02,-0.08099,-0.16275
-1.69E-03,-1.22E+00,-1.14E-02,-0.08141,-0.16329
-1.69E-03,-1.22E+00,-1.15E-02,-0.08167,-0.16473
-1.68E-03,-1.23E+00,-1.15E-02,-0.08209,-0.16455
-1.68E-03,-1.23E+00,-1.16E-02,-0.08251,-0.16527
-1.67E-03,-1.24E+00,-1.16E-02,-0.08276,-0.16616
-1.67E-03,-1.24E+00,-1.16E-02,-0.08326,-0.16634
-1.66E-03,-1.25E+00,-1.17E-02,-0.08343,-0.16688
-1.66E-03,-1.25E+00,-1.17E-02,-0.08377,-0.16742
-1.65E-03,-1.26E+00,-1.18E-02,-0.08419,-0.16796
-1.65E-03,-1.27E+00,-1.18E-02,-0.08478,-0.16885
-1.64E-03,-1.27E+00,-1.18E-02,-0.08486,-0.16867
-1.64E-03,-1.27E+00,-1.19E-02,-0.08520,-0.16975
-1.63E-03,-1.28E+00,-1.19E-02,-0.08553,-0.17047
-1.63E-03,-1.28E+00,-1.19E-02,-0.08587,-0.17065
-1.62E-03,-1.29E+00,-1.20E-02,-0.08620,-0.17155
-1.61E-03,-1.29E+00,-1.20E-02,-0.08646,-0.17172
-1.61E-03,-1.30E+00,-1.20E-02,-0.08688,-0.17172
-1.60E-03,-1.30E+00,-1.22E-02,-0.08721,-0.17370
-1.60E-03,-1.31E+00,-1.21E-02,-0.08746,-0.17316
-1.59E-03,-1.31E+00,-1.21E-02,-0.08763,-0.17262
-1.59E-03,-1.32E+00,-1.22E-02,-0.08797,-0.17478
-1.58E-03,-1.32E+00,-1.22E-02,-0.08847,-0.17442
-1.58E-03,-1.32E+00,-1.22E-02,-0.08856,-0.17442
-1.57E-03,-1.33E+00,-1.23E-02,-0.08889,-0.17603
-1.57E-03,-1.33E+00,-1.23E-02,-0.08923,-0.17531
-1.56E-03,-1.34E+00,-1.23E-02,-0.08931,-0.17531
-1.56E-03,-1.34E+00,-1.24E-02,-0.08965,-0.17711
-1.55E-03,-1.35E+00,-1.24E-02,-0.09007,-0.17657
-1.55E-03,-1.35E+00,-1.23E-02,-0.09032,-0.17639
-1.54E-03,-1.35E+00,-1.25E-02,-0.09040,-0.17801
-1.54E-03,-1.36E+00,-1.24E-02,-0.09082,-0.17747
-1.53E-03,-1.36E+00,-1.24E-02,-0.09082,-0.17783
-1.53E-03,-1.36E+00,-1.25E-02,-0.09116,-0.17890
-1.52E-03,-1.37E+00,-1.25E-02,-0.09158,-0.17872
-1.52E-03,-1.37E+00,-1.26E-02,-0.09175,-0.17926
-1.51E-03,-1.37E+00,-1.26E-02,-0.09175,-0.17926
-1.51E-03,-1.38E+00,-1.26E-02,-0.09208,-0.17980
-1.50E-03,-1.38E+00,-1.26E-02,-0.09234,-0.18052
-1.49E-03,-1.38E+00,-1.26E-02,-0.09259,-0.17980
-1.49E-03,-1.38E+00,-1.27E-02,-0.09259,-0.18088
-1.48E-03,-1.39E+00,-1.27E-02,-0.09284,-0.18123
-1.48E-03,-1.39E+00,-1.26E-02,-0.09318,-0.18034
-1.47E-03,-1.39E+00,-1.27E-02,-0.09326,-0.18177
-1.47E-03,-1.40E+00,-1.28E-02,-0.09343,-0.18213
-1.46E-03,-1.40E+00,-1.27E-02,-0.09368,-0.18088
-1.46E-03,-1.40E+00,-1.28E-02,-0.09377,-0.18267
-1.45E-03,-1.41E+00,-1.28E-02,-0.09402,-0.18231
-1.45E-03,-1.40E+00,-1.27E-02,-0.09393,-0.18159
-1.44E-03,-1.41E+00,-1.29E-02,-0.09419,-0.18357
-1.44E-03,-1.41E+00,-1.29E-02,-0.09444,-0.18357
-1.43E-03,-1.41E+00,-1.28E-02,-0.09461,-0.18303
-1.43E-03,-1.42E+00,-1.29E-02,-0.09477,-0.18393
-1.42E-03,-1.42E+00,-1.28E-02,-0.09477,-0.18339
-1.42E-03,-1.42E+00,-1.28E-02,-0.09486,-0.18267
-1.41E-03,-1.42E+00,-1.30E-02,-0.09511,-0.18500
-1.41E-03,-1.42E+00,-1.29E-02,-0.09511,-0.18357
-1.40E-03,-1.42E+00,-1.29E-02,-0.09528,-0.18393
-1.40E-03,-1.43E+00,-1.30E-02,-0.09536,-0.18518
-1.39E-03,-1.43E+00,-1.29E-02,-0.09553,-0.18411
-1.39E-03,-1.43E+00,-1.29E-02,-0.09536,-0.18411
-1.38E-03,-1.43E+00,-1.30E-02,-0.09545,-0.18500
-1.38E-03,-1.43E+00,-1.29E-02,-0.09545,-0.18411
-1.37E-03,-1.43E+00,-1.29E-02,-0.09570,-0.18482
-1.36E-03,-1.43E+00,-1.29E-02,-0.09570,-0.18464
-1.36E-03,-1.43E+00,-1.29E-02,-0.09570,-0.18482
-1.35E-03,-1.43E+00,-1.29E-02,-0.09578,-0.18464
-1.35E-03,-1.43E+00,-1.29E-02,-0.09587,-0.18447
-1.34E-03,-1.43E+00,-1.30E-02,-0.09587,-0.18518
-1.34E-03,-1.43E+00,-1.29E-02,-0.09595,-0.18482
-1.33E-03,-1.43E+00,-1.29E-02,-0.09587,-0.18411
-1.33E-03,-1.44E+00,-1.30E-02,-0.09612,-0.18554
-1.32E-03,-1.44E+00,-1.30E-02,-0.09612,-0.18500
-1.32E-03,-1.43E+00,-1.29E-02,-0.09578,-0.18393
-1.31E-03,-1.43E+00,-1.30E-02,-0.09578,-0.18554
-1.31E-03,-1.43E+00,-1.29E-02,-0.09587,-0.18482
-1.30E-03,-1.43E+00,-1.29E-02,-0.09578,-0.18429
-1.30E-03,-1.43E+00,-1.30E-02,-0.09578,-0.18554
-1.29E-03,-1.43E+00,-1.29E-02,-0.09587,-0.18464
-1.29E-03,-1.43E+00,-1.29E-02,-0.09578,-0.18482
-1.28E-03,-1.43E+00,-1.30E-02,-0.09553,-0.18536
-1.28E-03,-1.43E+00,-1.29E-02,-0.09570,-0.18464
-1.27E-03,-1.43E+00,-1.29E-02,-0.09545,-0.18393
-1.27E-03,-1.43E+00,-1.30E-02,-0.09545,-0.18536
-1.26E-03,-1.43E+00,-1.29E-02,-0.09536,-0.18429
-1.26E-03,-1.43E+00,-1.29E-02,-0.09536,-0.18411
-1.25E-03,-1.42E+00,-1.29E-02,-0.09503,-0.18482
-1.24E-03,-1.42E+00,-1.29E-02,-0.09519,-0.18357
-1.24E-03,-1.42E+00,-1.29E-02,-0.09477,-0.18375
-1.23E-03,-1.42E+00,-1.29E-02,-0.09469,-0.18482
-1.23E-03,-1.41E+00,-1.28E-02,-0.09461,-0.18321
-1.22E-03,-1.41E+00,-1.28E-02,-0.09444,-0.18339
-1.22E-03,-1.41E+00,-1.29E-02,-0.09427,-0.18357
-1.21E-03,-1.41E+00,-1.28E-02,-0.09410,-0.18267
-1.21E-03,-1.40E+00,-1.28E-02,-0.09393,-0.18231
-1.20E-03,-1.40E+00,-1.28E-02,-0.09368,-0.18249
-1.20E-03,-1.40E+00,-1.28E-02,-0.09368,-0.18213
-1.19E-03,-1.40E+00,-1.28E-02,-0.09351,-0.18231
-1.19E-03,-1.39E+00,-1.27E-02,-0.09309,-0.18141
-1.18E-03,-1.39E+00,-1.28E-02,-0.09309,-0.18231
-1.18E-03,-1.39E+00,-1.27E-02,-0.09284,-0.18177
-1.17E-03,-1.38E+00,-1.26E-02,-0.09234,-0.18016
-1.17E-03,-1.38E+00,-1.27E-02,-0.09234,-0.18141
-1.16E-03,-1.38E+00,-1.26E-02,-0.09217,-0.18052
-1.16E-03,-1.37E+00,-1.26E-02,-0.09183,-0.17998
-1.15E-03,-1.37E+00,-1.27E-02,-0.09166,-0.18123
-1.15E-03,-1.37E+00,-1.26E-02,-0.09141,-0.18034
-1.14E-03,-1.36E+00,-1.25E-02,-0.09099,-0.17908
-1.14E-03,-1.36E+00,-1.26E-02,-0.09074,-0.18034
-1.13E-03,-1.36E+00,-1.26E-02,-0.09066,-0.17962
-1.13E-03,-1.35E+00,-1.25E-02,-0.09015,-0.17836
-1.12E-03,-1.34E+00,-1.26E-02,-0.08990,-0.17962
-1.11E-03,-1.34E+00,-1.25E-02,-0.08982,-0.17908
-1.11E-03,-1.34E+00,-1.25E-02,-0.08940,-0.17801
-1.10E-03,-1.33E+00,-1.25E-02,-0.08889,-0.17854
-1.10E-03,-1.33E+00,-1.24E-02,-0.08864,-0.17747
-1.09E-03,-1.32E+00,-1.24E-02,-0.08839,-0.17693
-1.09E-03,-1.32E+00,-1.24E-02,-0.08797,-0.17765
-1.08E-03,-1.31E+00,-1.23E-02,-0.08780,-0.17639
-1.08E-03,-1.31E+00,-1.23E-02,-0.08738,-0.17567
-1.07E-03,-1.30E+00,-1.24E-02,-0.08713,-0.17675
-1.07E-03,-1.30E+00,-1.23E-02,-0.08671,-0.17549
-1.06E-03,-1.29E+00,-1.22E-02,-0.08629,-0.17442
-1.06E-03,-1.28E+00,-1.23E-02,-0.08578,-0.17549
-1.05E-03,-1.28E+00,-1.22E-02,-0.08570,-0.17424
-1.05E-03,-1.27E+00,-1.22E-02,-0.08520,-0.17424
-1.04E-03,-1.27E+00,-1.22E-02,-0.08478,-0.17388
-1.04E-03,-1.26E+00,-1.21E-02,-0.08427,-0.17280
-1.03E-03,-1.26E+00,-1.21E-02,-0.08394,-0.17262
-1.03E-03,-1.25E+00,-1.21E-02,-0.08360,-0.17298
-1.02E-03,-1.24E+00,-1.21E-02,-0.08326,-0.17244
-1.02E-03,-1.24E+00,-1.20E-02,-0.08284,-0.17155
-1.01E-03,-1.23E+00,-1.20E-02,-0.08234,-0.17119
-1.01E-03,-1.23E+00,-1.20E-02,-0.08200,-0.17119
-1.00E-03,-1.22E+00,-1.19E-02,-0.08150,-0.17047
-9.95E-04,-1.21E+00,-1.19E-02,-0.08099,-0.16957
-9.90E-04,-1.21E+00,-1.19E-02,-0.08074,-0.16975
-9.84E-04,-1.20E+00,-1.19E-02,-0.08024,-0.16957
-9.79E-04,-1.19E+00,-1.18E-02,-0.07990,-0.16832
-9.74E-04,-1.19E+00,-1.18E-02,-0.07948,-0.16850
-9.69E-04,-1.18E+00,-1.18E-02,-0.07898,-0.16796
-9.64E-04,-1.17E+00,-1.17E-02,-0.07847,-0.16670
-9.58E-04,-1.17E+00,-1.17E-02,-0.07814,-0.16742
-9.53E-04,-1.16E+00,-1.17E-02,-0.07755,-0.16652
-9.48E-04,-1.15E+00,-1.16E-02,-0.07696,-0.16509
-9.43E-04,-1.15E+00,-1.16E-02,-0.07671,-0.16616
-9.38E-04,-1.14E+00,-1.16E-02,-0.07621,-0.16527
-9.32E-04,-1.13E+00,-1.14E-02,-0.07553,-0.16329
-9.27E-04,-1.12E+00,-1.15E-02,-0.07511,-0.16383
-9.22E-04,-1.12E+00,-1.14E-02,-0.07478,-0.16329
-9.17E-04,-1.11E+00,-1.14E-02,-0.07427,-0.16239
-9.11E-04,-1.10E+00,-1.14E-02,-0.07360,-0.16275
-9.06E-04,-1.10E+00,-1.13E-02,-0.07335,-0.16168
-9.01E-04,-1.09E+00,-1.13E-02,-0.07268,-0.16078
-8.96E-04,-1.08E+00,-1.13E-02,-0.07217,-0.16132
-8.91E-04,-1.07E+00,-1.12E-02,-0.07167,-0.16006
-8.85E-04,-1.06E+00,-1.11E-02,-0.07100,-0.15916
-8.80E-04,-1.06E+00,-1.12E-02,-0.07066,-0.15988
-8.75E-04,-1.05E+00,-1.11E-02,-0.07032,-0.15881
-8.70E-04,-1.04E+00,-1.10E-02,-0.06965,-0.15773
-8.65E-04,-1.03E+00,-1.11E-02,-0.06915,-0.15809
-8.59E-04,-1.03E+00,-1.10E-02,-0.06873,-0.15665
-8.54E-04,-1.02E+00,-1.09E-02,-0.06831,-0.15558
-8.49E-04,-1.01E+00,-1.09E-02,-0.06747,-0.15629
-8.44E-04,-1.00E+00,-1.08E-02,-0.06705,-0.15468
-8.39E-04,-9.97E-01,-1.08E-02,-0.06671,-0.15360
-8.33E-04,-9.90E-01,-1.08E-02,-0.06621,-0.15450
-8.28E-04,-9.84E-01,-1.07E-02,-0.06579,-0.15235
-8.23E-04,-9.74E-01,-1.06E-02,-0.06511,-0.15199
-8.18E-04,-9.65E-01,-1.06E-02,-0.06453,-0.15199
-8.13E-04,-9.59E-01,-1.06E-02,-0.06411,-0.15073
-8.07E-04,-9.50E-01,-1.06E-02,-0.06352,-0.15091
-8.02E-04,-9.40E-01,-1.05E-02,-0.06285,-0.15019
-7.97E-04,-9.33E-01,-1.04E-02,-0.06243,-0.14912
-7.92E-04,-9.27E-01,-1.04E-02,-0.06201,-0.14840
-7.86E-04,-9.17E-01,-1.04E-02,-0.06133,-0.14786
-7.81E-04,-9.10E-01,-1.03E-02,-0.06083,-0.14696
-7.76E-04,-9.01E-01,-1.02E-02,-0.06024,-0.14624
-7.71E-04,-8.93E-01,-1.02E-02,-0.05974,-0.14571
-7.66E-04,-8.86E-01,-1.02E-02,-0.05923,-0.14499
-7.60E-04,-8.77E-01,-1.01E-02,-0.05865,-0.14463
-7.55E-04,-8.67E-01,-1.00E-02,-0.05797,-0.14337
-7.50E-04,-8.59E-01,-1.00E-02,-0.05747,-0.14302
-7.45E-04,-8.53E-01,-9.96E-03,-0.05705,-0.14230
-7.40E-04,-8.42E-01,-9.90E-03,-0.05629,-0.14140
-7.34E-04,-8.34E-01,-9.89E-03,-0.05579,-0.14122
-7.29E-04,-8.28E-01,-9.82E-03,-0.05537,-0.14032
-7.24E-04,-8.20E-01,-9.74E-03,-0.05486,-0.13907
-7.19E-04,-8.10E-01,-9.75E-03,-0.05419,-0.13925
-7.14E-04,-8.03E-01,-9.71E-03,-0.05369,-0.13871
-7.08E-04,-7.94E-01,-9.57E-03,-0.05310,-0.13673
-7.03E-04,-7.88E-01,-9.60E-03,-0.05268,-0.13709
-6.98E-04,-7.80E-01,-9.52E-03,-0.05218,-0.13602
-6.93E-04,-7.70E-01,-9.42E-03,-0.05150,-0.13458
-6.88E-04,-7.60E-01,-9.43E-03,-0.05083,-0.13476
-6.82E-04,-7.54E-01,-9.35E-03,-0.05041,-0.13350
-6.77E-04,-7.44E-01,-9.23E-03,-0.04974,-0.13189
-6.72E-04,-7.36E-01,-9.27E-03,-0.04924,-0.13243
-6.67E-04,-7.26E-01,-9.18E-03,-0.04856,-0.13117
-6.61E-04,-7.20E-01,-9.10E-03,-0.04814,-0.12992
-6.56E-04,-7.11E-01,-9.13E-03,-0.04755,-0.13045
-6.51E-04,-7.01E-01,-9.05E-03,-0.04688,-0.12920
-6.46E-04,-6.95E-01,-8.97E-03,-0.04646,-0.12812
-6.41E-04,-6.86E-01,-8.98E-03,-0.04587,-0.12830
-6.35E-04,-6.80E-01,-8.89E-03,-0.04545,-0.12704
-6.30E-04,-6.68E-01,-8.79E-03,-0.04470,-0.12561
-6.25E-04,-6.60E-01,-8.82E-03,-0.04411,-0.12597
-6.20E-04,-6.53E-01,-8.71E-03,-0.04369,-0.12435
-6.15E-04,-6.43E-01,-8.63E-03,-0.04302,-0.12328
-6.09E-04,-6.36E-01,-8.61E-03,-0.04251,-0.12292
-6.04E-04,-6.26E-01,-8.52E-03,-0.04184,-0.12166
-5.99E-04,-6.18E-01,-8.47E-03,-0.04134,-0.12094
-5.94E-04,-6.09E-01,-8.45E-03,-0.04075,-0.12076
-5.89E-04,-6.02E-01,-8.34E-03,-0.04025,-0.11915
-5.83E-04,-5.93E-01,-8.29E-03,-0.03966,-0.11843
-5.78E-04,-5.83E-01,-8.24E-03,-0.03898,-0.11771
-5.73E-04,-5.75E-01,-8.17E-03,-0.03848,-0.11664
-5.68E-04,-5.67E-01,-8.10E-03,-0.03789,-0.11574
-5.63E-04,-5.58E-01,-8.07E-03,-0.03730,-0.11520
-5.57E-04,-5.49E-01,-7.99E-03,-0.03672,-0.11412
-5.52E-04,-5.44E-01,-7.91E-03,-0.03638,-0.11305
-5.47E-04,-5.34E-01,-7.94E-03,-0.03571,-0.11341
-5.42E-04,-5.26E-01,-7.80E-03,-0.03520,-0.11143
-5.36E-04,-5.18E-01,-7.70E-03,-0.03462,-0.11000
-5.31E-04,-5.09E-01,-7.71E-03,-0.03403,-0.11018
-5.26E-04,-5.01E-01,-7.61E-03,-0.03352,-0.10874
-5.21E-04,-4.94E-01,-7.53E-03,-0.03302,-0.10749
-5.16E-04,-4.84E-01,-7.54E-03,-0.03235,-0.10766
-5.10E-04,-4.76E-01,-7.45E-03,-0.03184,-0.10641
-5.05E-04,-4.67E-01,-7.36E-03,-0.03126,-0.10515
-5.00E-04,-4.59E-01,-7.32E-03,-0.03067,-0.10461
-4.95E-04,-4.52E-01,-7.24E-03,-0.03025,-0.10336
-4.90E-04,-4.45E-01,-7.17E-03,-0.02974,-0.10246
-4.84E-04,-4.35E-01,-7.12E-03,-0.02907,-0.10174
-4.79E-04,-4.30E-01,-7.05E-03,-0.02873,-0.10067
-4.74E-04,-4.20E-01,-6.97E-03,-0.02806,-0.09959
-4.69E-04,-4.12E-01,-6.93E-03,-0.02756,-0.09905
-4.64E-04,-4.03E-01,-6.82E-03,-0.02697,-0.09744
-4.58E-04,-3.96E-01,-6.77E-03,-0.02647,-0.09672
-4.53E-04,-3.87E-01,-6.72E-03,-0.02588,-0.09600
-4.48E-04,-3.81E-01,-6.66E-03,-0.02546,-0.09510
-4.43E-04,-3.74E-01,-6.58E-03,-0.02504,-0.09403
-4.38E-04,-3.63E-01,-6.52E-03,-0.02428,-0.09313
-4.32E-04,-3.57E-01,-6.43E-03,-0.02386,-0.09187
-4.27E-04,-3.52E-01,-6.36E-03,-0.02353,-0.09080
-4.22E-04,-3.42E-01,-6.32E-03,-0.02285,-0.09026
-4.17E-04,-3.34E-01,-6.23E-03,-0.02235,-0.08900
-4.11E-04,-3.27E-01,-6.18E-03,-0.02184,-0.08828
-4.06E-04,-3.19E-01,-6.11E-03,-0.02134,-0.08721
-4.01E-04,-3.10E-01,-6.02E-03,-0.02075,-0.08595
-3.96E-04,-3.02E-01,-5.95E-03,-0.02016,-0.08505
-3.91E-04,-2.94E-01,-5.88E-03,-0.01966,-0.08398
-3.85E-04,-2.85E-01,-5.82E-03,-0.01907,-0.08308
-3.80E-04,-2.78E-01,-5.74E-03,-0.01857,-0.08200
-3.75E-04,-2.70E-01,-5.68E-03,-0.01806,-0.08111
-3.70E-04,-2.64E-01,-5.59E-03,-0.01764,-0.07985
-3.65E-04,-2.56E-01,-5.53E-03,-0.01714,-0.07895
-3.59E-04,-2.47E-01,-5.48E-03,-0.01655,-0.07824
-3.54E-04,-2.37E-01,-5.38E-03,-0.01588,-0.07680
-3.49E-04,-2.36E-01,-5.34E-03,-0.01580,-0.07626
-3.44E-04,-2.26E-01,-5.23E-03,-0.01512,-0.07465
-3.39E-04,-2.17E-01,-5.19E-03,-0.01454,-0.07411
-3.33E-04,-2.11E-01,-5.10E-03,-0.01412,-0.07285
-3.28E-04,-2.02E-01,-5.04E-03,-0.01353,-0.07196
-3.23E-04,-1.95E-01,-4.95E-03,-0.01302,-0.07070
-3.18E-04,-1.86E-01,-4.89E-03,-0.01243,-0.06980
-3.13E-04,-1.77E-01,-4.81E-03,-0.01185,-0.06873
-3.07E-04,-1.72E-01,-4.71E-03,-0.01151,-0.06729
-3.02E-04,-1.65E-01,-4.66E-03,-0.01101,-0.06657
-2.97E-04,-1.58E-01,-4.59E-03,-0.01059,-0.06550
-2.92E-04,-1.49E-01,-4.50E-03,-0.01000,-0.06424
-2.86E-04,-1.43E-01,-4.43E-03,-0.00958,-0.06334
-2.81E-04,-1.34E-01,-4.35E-03,-0.00899,-0.06209
-2.76E-04,-1.28E-01,-4.28E-03,-0.00857,-0.06119
-2.71E-04,-1.22E-01,-4.21E-03,-0.00815,-0.06011
-2.66E-04,-1.12E-01,-4.15E-03,-0.00748,-0.05922
-2.60E-04,-1.07E-01,-4.06E-03,-0.00714,-0.05796
-2.55E-04,-9.92E-02,-4.01E-03,-0.00664,-0.05724
-2.50E-04,-9.17E-02,-3.87E-03,-0.00613,-0.05527
-2.45E-04,-8.54E-02,-3.84E-03,-0.00571,-0.05491
-2.40E-04,-7.79E-02,-3.78E-03,-0.00521,-0.05401
-2.34E-04,-6.91E-02,-3.67E-03,-0.00462,-0.05240
-2.29E-04,-6.53E-02,-3.61E-03,-0.00437,-0.05150
-2.24E-04,-5.78E-02,-3.52E-03,-0.00386,-0.05024
-2.19E-04,-5.03E-02,-3.44E-03,-0.00336,-0.04917
-2.14E-04,-4.27E-02,-3.37E-03,-0.00286,-0.04809
-2.08E-04,-3.52E-02,-3.30E-03,-0.00235,-0.04719
-2.03E-04,-3.02E-02,-3.23E-03,-0.00202,-0.04612
-1.98E-04,-2.26E-02,-3.12E-03,-0.00151,-0.04450
-1.93E-04,-1.63E-02,-3.07E-03,-0.00109,-0.04378
-1.88E-04,-8.79E-03,-3.00E-03,-0.00059,-0.04289
-1.82E-04,-3.77E-03,-2.89E-03,-0.00025,-0.04127
-1.77E-04,2.51E-03,-2.83E-03,0.00017,-0.04037
-1.72E-04,1.26E-02,-2.74E-03,0.00084,-0.03912
-1.67E-04,1.76E-02,-2.65E-03,0.00118,-0.03786
-1.61E-04,2.39E-02,-2.60E-03,0.00160,-0.03714
-1.56E-04,3.27E-02,-2.49E-03,0.00218,-0.03553
-1.51E-04,3.89E-02,-2.42E-03,0.00260,-0.03463
-1.46E-04,4.77E-02,-2.35E-03,0.00319,-0.03356
-1.41E-04,5.40E-02,-2.27E-03,0.00361,-0.03248
-1.35E-04,5.78E-02,-2.20E-03,0.00386,-0.03140
-1.30E-04,6.66E-02,-2.14E-03,0.00445,-0.03050
-1.25E-04,7.16E-02,-2.02E-03,0.00479,-0.02889
-1.20E-04,7.79E-02,-1.95E-03,0.00521,-0.02781
-1.15E-04,8.67E-02,-1.88E-03,0.00580,-0.02692
-1.09E-04,9.30E-02,-1.80E-03,0.00622,-0.02566
-1.04E-04,9.92E-02,-1.71E-03,0.00664,-0.02440
-9.90E-05,1.07E-01,-1.63E-03,0.00714,-0.02333
-9.38E-05,1.13E-01,-1.57E-03,0.00756,-0.02243
-8.85E-05,1.21E-01,-1.49E-03,0.00807,-0.02135
-8.33E-05,1.27E-01,-1.41E-03,0.00849,-0.02010
-7.81E-05,1.36E-01,-1.31E-03,0.00907,-0.01866
-7.29E-05,1.42E-01,-1.23E-03,0.00949,-0.01759
-6.77E-05,1.48E-01,-1.17E-03,0.00991,-0.01669
-6.25E-05,1.55E-01,-1.03E-03,0.01033,-0.01471
-5.73E-05,1.62E-01,-9.80E-04,0.01084,-0.01400
-5.21E-05,1.67E-01,-9.42E-04,0.01117,-0.01346
-4.69E-05,1.75E-01,-8.42E-04,0.01168,-0.01202
-4.17E-05,1.81E-01,-7.29E-04,0.01210,-0.01041
-3.65E-05,1.88E-01,-6.66E-04,0.01260,-0.00951
-3.13E-05,1.95E-01,-5.90E-04,0.01302,-0.00843
-2.60E-05,2.00E-01,-4.90E-04,0.01336,-0.00700
-2.08E-05,2.05E-01,-4.02E-04,0.01370,-0.00574
-1.56E-05,2.15E-01,-3.02E-04,0.01437,-0.00431
-1.04E-05,2.20E-01,-2.51E-04,0.01470,-0.00359
-5.21E-06,2.25E-01,-1.88E-04,0.01504,-0.00269
-7.40E-10,2.34E-01,-1.01E-04,0.01563,-0.00144
5.21E-06,2.40E-01,-1.26E-05,0.01605,-0.00018
1.04E-05,2.45E-01,5.03E-05,0.01638,0.00072
1.56E-05,2.51E-01,1.38E-04,0.01680,0.00197
2.08E-05,2.59E-01,2.14E-04,0.01731,0.00305
2.60E-05,2.65E-01,2.89E-04,0.01773,0.00413
3.12E-05,2.73E-01,4.15E-04,0.01823,0.00592
3.65E-05,2.78E-01,4.65E-04,0.01857,0.00664
4.17E-05,2.83E-01,5.53E-04,0.01890,0.00790
4.69E-05,2.89E-01,6.41E-04,0.01932,0.00915
5.21E-05,2.96E-01,7.16E-04,0.01983,0.01023
5.73E-05,3.02E-01,8.04E-04,0.02016,0.01148
6.25E-05,3.07E-01,9.05E-04,0.02050,0.01292
6.77E-05,3.14E-01,9.80E-04,0.02100,0.01400
7.29E-05,3.19E-01,1.07E-03,0.02134,0.01525
7.81E-05,3.25E-01,1.16E-03,0.02176,0.01651
8.33E-05,3.30E-01,1.21E-03,0.02210,0.01723
8.85E-05,3.38E-01,1.32E-03,0.02260,0.01884
9.37E-05,3.45E-01,1.39E-03,0.02311,0.01992
9.90E-05,3.49E-01,1.49E-03,0.02336,0.02135
1.04E-04,3.58E-01,1.58E-03,0.02395,0.02261
1.09E-04,3.62E-01,1.65E-03,0.02420,0.02351
1.15E-04,3.68E-01,1.72E-03,0.02462,0.02458
1.20E-04,3.73E-01,1.80E-03,0.02495,0.02566
1.25E-04,3.81E-01,1.88E-03,0.02546,0.02692
1.30E-04,3.87E-01,2.00E-03,0.02588,0.02853
1.35E-04,3.92E-01,2.07E-03,0.02621,0.02961
1.41E-04,3.98E-01,2.14E-03,0.02663,0.03050
1.46E-04,4.05E-01,2.24E-03,0.02705,0.03194
1.51E-04,4.11E-01,2.31E-03,0.02747,0.03302
1.56E-04,4.16E-01,2.37E-03,0.02781,0.03391
1.61E-04,4.21E-01,2.46E-03,0.02815,0.03517
1.67E-04,4.28E-01,2.55E-03,0.02865,0.03643
1.72E-04,4.33E-01,2.63E-03,0.02899,0.03750
1.77E-04,4.40E-01,2.70E-03,0.02941,0.03858
1.82E-04,4.47E-01,2.80E-03,0.02991,0.04002
1.87E-04,4.54E-01,2.85E-03,0.03033,0.04073
1.93E-04,4.60E-01,2.98E-03,0.03075,0.04253
1.98E-04,4.65E-01,3.04E-03,0.03109,0.04342
2.03E-04,4.72E-01,3.12E-03,0.03159,0.04450
2.08E-04,4.77E-01,3.20E-03,0.03193,0.04576
2.14E-04,4.82E-01,3.30E-03,0.03226,0.04719
2.19E-04,4.90E-01,3.37E-03,0.03277,0.04809
2.24E-04,4.95E-01,3.47E-03,0.03310,0.04953
2.29E-04,5.00E-01,3.54E-03,0.03344,0.05060
2.34E-04,5.08E-01,3.61E-03,0.03394,0.05150
2.40E-04,5.14E-01,3.69E-03,0.03436,0.05276
2.45E-04,5.20E-01,3.79E-03,0.03478,0.05419
2.50E-04,5.26E-01,3.84E-03,0.03520,0.05491
2.55E-04,5.30E-01,3.94E-03,0.03546,0.05634
2.60E-04,5.36E-01,4.03E-03,0.03588,0.05760
2.66E-04,5.44E-01,4.11E-03,0.03638,0.05868
2.71E-04,5.50E-01,4.18E-03,0.03680,0.05975
2.76E-04,5.58E-01,4.30E-03,0.03730,0.06137
2.81E-04,5.65E-01,4.36E-03,0.03781,0.06227
2.86E-04,5.69E-01,4.45E-03,0.03806,0.06352
2.92E-04,5.74E-01,4.54E-03,0.03840,0.06478
2.97E-04,5.80E-01,4.57E-03,0.03882,0.06532
3.02E-04,5.87E-01,4.66E-03,0.03924,0.06657
3.07E-04,5.92E-01,4.79E-03,0.03957,0.06837
3.12E-04,5.98E-01,4.81E-03,0.03999,0.06873
3.18E-04,6.02E-01,4.91E-03,0.04025,0.07016
3.23E-04,6.11E-01,5.00E-03,0.04083,0.07142
3.28E-04,6.17E-01,5.08E-03,0.04125,0.07249
3.33E-04,6.21E-01,5.15E-03,0.04151,0.07357
3.39E-04,6.29E-01,5.24E-03,0.04209,0.07483
3.44E-04,6.34E-01,5.31E-03,0.04243,0.07590
3.49E-04,6.42E-01,5.39E-03,0.04293,0.07698
3.54E-04,6.48E-01,5.50E-03,0.04335,0.07860
3.59E-04,6.53E-01,5.55E-03,0.04369,0.07931
3.65E-04,6.62E-01,5.63E-03,0.04428,0.08039
3.70E-04,6.65E-01,5.73E-03,0.04445,0.08183
3.75E-04,6.72E-01,5.77E-03,0.04495,0.08236
3.80E-04,6.77E-01,5.89E-03,0.04529,0.08416
3.85E-04,6.85E-01,5.95E-03,0.04579,0.08505
3.91E-04,6.91E-01,6.02E-03,0.04621,0.08595
3.96E-04,6.95E-01,6.11E-03,0.04646,0.08721
4.01E-04,7.05E-01,6.19E-03,0.04713,0.08846
4.06E-04,7.11E-01,6.23E-03,0.04755,0.08900
4.11E-04,7.16E-01,6.32E-03,0.04789,0.09026
4.17E-04,7.22E-01,6.39E-03,0.04831,0.09134
4.22E-04,7.29E-01,6.47E-03,0.04873,0.09241
4.27E-04,7.35E-01,6.55E-03,0.04915,0.09349
4.32E-04,7.40E-01,6.62E-03,0.04949,0.09457
4.37E-04,7.47E-01,6.67E-03,0.04999,0.09528
4.43E-04,7.54E-01,6.76E-03,0.05041,0.09654
4.48E-04,7.59E-01,6.87E-03,0.05075,0.09815
4.53E-04,7.65E-01,6.91E-03,0.05117,0.09869
4.58E-04,7.73E-01,7.00E-03,0.05167,0.09995
4.64E-04,7.79E-01,7.07E-03,0.05209,0.10103
4.69E-04,7.85E-01,7.12E-03,0.05251,0.10174
4.74E-04,7.93E-01,7.21E-03,0.05302,0.10300
4.79E-04,7.99E-01,7.29E-03,0.05344,0.10408
4.84E-04,8.03E-01,7.36E-03,0.05369,0.10515
4.90E-04,8.09E-01,7.40E-03,0.05411,0.10569
4.95E-04,8.17E-01,7.50E-03,0.05461,0.10713
5.00E-04,8.24E-01,7.58E-03,0.05512,0.10820
5.05E-04,8.29E-01,7.64E-03,0.05545,0.10910
5.10E-04,8.38E-01,7.70E-03,0.05604,0.11000
5.16E-04,8.42E-01,7.78E-03,0.05629,0.11107
5.21E-04,8.49E-01,7.84E-03,0.05680,0.11197
5.26E-04,8.54E-01,7.91E-03,0.05713,0.11305
5.31E-04,8.62E-01,7.95E-03,0.05764,0.11359
5.36E-04,8.69E-01,8.04E-03,0.05814,0.11484
5.42E-04,8.76E-01,8.08E-03,0.05856,0.11538
5.47E-04,8.83E-01,8.19E-03,0.05907,0.11700
5.52E-04,8.88E-01,8.25E-03,0.05940,0.11789
5.57E-04,8.96E-01,8.32E-03,0.05991,0.11879
5.62E-04,9.03E-01,8.39E-03,0.06041,0.11987
5.68E-04,9.08E-01,8.45E-03,0.06075,0.12076
5.73E-04,9.13E-01,8.51E-03,0.06108,0.12148
5.78E-04,9.21E-01,8.59E-03,0.06159,0.12274
5.83E-04,9.26E-01,8.64E-03,0.06192,0.12346
5.89E-04,9.33E-01,8.69E-03,0.06243,0.12417
5.94E-04,9.41E-01,8.78E-03,0.06293,0.12543
5.99E-04,9.46E-01,8.83E-03,0.06327,0.12615
6.04E-04,9.52E-01,8.87E-03,0.06369,0.12669
6.09E-04,9.62E-01,8.97E-03,0.06436,0.12812
6.15E-04,9.69E-01,9.03E-03,0.06478,0.12902
6.20E-04,9.71E-01,9.07E-03,0.06495,0.12956
6.25E-04,9.76E-01,9.11E-03,0.06528,0.13009
6.30E-04,9.85E-01,9.21E-03,0.06587,0.13153
6.35E-04,9.92E-01,9.27E-03,0.06637,0.13243
6.41E-04,9.97E-01,9.31E-03,0.06671,0.13297
6.46E-04,1.01E+00,9.38E-03,0.06722,0.13404
6.51E-04,1.01E+00,9.46E-03,0.06764,0.13512
6.56E-04,1.02E+00,9.50E-03,0.06814,0.13566
6.61E-04,1.02E+00,9.55E-03,0.06831,0.13638
6.67E-04,1.03E+00,9.60E-03,0.06898,0.13709
6.72E-04,1.04E+00,9.69E-03,0.06940,0.13835
6.77E-04,1.04E+00,9.75E-03,0.06974,0.13925
6.82E-04,1.05E+00,9.76E-03,0.07024,0.13943
6.87E-04,1.05E+00,9.85E-03,0.07049,0.14068
6.93E-04,1.06E+00,9.90E-03,0.07108,0.14140
6.98E-04,1.07E+00,9.94E-03,0.07142,0.14194
7.03E-04,1.07E+00,1.00E-02,0.07175,0.14319
7.08E-04,1.08E+00,1.01E-02,0.07226,0.14355
7.14E-04,1.09E+00,1.01E-02,0.07268,0.14409
7.19E-04,1.09E+00,1.02E-02,0.07310,0.14517
7.24E-04,1.10E+00,1.02E-02,0.07335,0.14589
7.29E-04,1.10E+00,1.02E-02,0.07368,0.14624
7.34E-04,1.11E+00,1.03E-02,0.07419,0.14696
7.40E-04,1.12E+00,1.04E-02,0.07478,0.14822
7.45E-04,1.12E+00,1.04E-02,0.07511,0.14858
7.50E-04,1.13E+00,1.05E-02,0.07536,0.14930
7.55E-04,1.14E+00,1.05E-02,0.07595,0.15019
7.60E-04,1.14E+00,1.06E-02,0.07637,0.15091
7.66E-04,1.15E+00,1.06E-02,0.07663,0.15109
7.71E-04,1.15E+00,1.06E-02,0.07713,0.15199
7.76E-04,1.16E+00,1.07E-02,0.07747,0.15252
7.81E-04,1.16E+00,1.07E-02,0.07780,0.15324
7.86E-04,1.17E+00,1.08E-02,0.07822,0.15396
7.92E-04,1.18E+00,1.08E-02,0.07864,0.15396
7.97E-04,1.18E+00,1.09E-02,0.07915,0.15522
8.02E-04,1.19E+00,1.09E-02,0.07940,0.15593
8.07E-04,1.19E+00,1.09E-02,0.07982,0.15629
8.12E-04,1.20E+00,1.10E-02,0.08007,0.15683
8.18E-04,1.20E+00,1.11E-02,0.08041,0.15791
8.23E-04,1.21E+00,1.11E-02,0.08091,0.15809
8.28E-04,1.21E+00,1.11E-02,0.08125,0.15899
8.33E-04,1.22E+00,1.12E-02,0.08158,0.15934
8.39E-04,1.22E+00,1.12E-02,0.08183,0.15952
8.44E-04,1.23E+00,1.12E-02,0.08225,0.16042
8.49E-04,1.24E+00,1.13E-02,0.08267,0.16114
8.54E-04,1.24E+00,1.13E-02,0.08293,0.16114
8.59E-04,1.24E+00,1.13E-02,0.08318,0.16186
8.65E-04,1.25E+00,1.14E-02,0.08377,0.16275
8.70E-04,1.26E+00,1.14E-02,0.08402,0.16293
8.75E-04,1.26E+00,1.15E-02,0.08419,0.16365
8.80E-04,1.27E+00,1.15E-02,0.08461,0.16401
8.85E-04,1.27E+00,1.15E-02,0.08503,0.16455
8.91E-04,1.28E+00,1.16E-02,0.08528,0.16509
8.96E-04,1.28E+00,1.16E-02,0.08562,0.16562
9.01E-04,1.29E+00,1.16E-02,0.08604,0.16562
9.06E-04,1.29E+00,1.16E-02,0.08604,0.16616
9.11E-04,1.29E+00,1.17E-02,0.08637,0.16670
9.17E-04,1.30E+00,1.17E-02,0.08671,0.16688
9.22E-04,1.30E+00,1.17E-02,0.08688,0.16742
9.27E-04,1.31E+00,1.18E-02,0.08730,0.16832
9.32E-04,1.31E+00,1.18E-02,0.08772,0.16832
9.37E-04,1.31E+00,1.18E-02,0.08772,0.16850
9.43E-04,1.32E+00,1.18E-02,0.08805,0.16885
9.48E-04,1.32E+00,1.19E-02,0.08839,0.16939
9.53E-04,1.33E+00,1.19E-02,0.08872,0.16993
9.58E-04,1.33E+00,1.19E-02,0.08898,0.17011
9.64E-04,1.33E+00,1.19E-02,0.08923,0.17065
9.69E-04,1.34E+00,1.20E-02,0.08948,0.17101
9.74E-04,1.34E+00,1.20E-02,0.08982,0.17190
9.79E-04,1.34E+00,1.20E-02,0.08990,0.17172
9.84E-04,1.35E+00,1.20E-02,0.09015,0.17208
9.90E-04,1.35E+00,1.21E-02,0.09032,0.17262
9.95E-04,1.36E+00,1.21E-02,0.09066,0.17316
1.00E-03,1.36E+00,1.21E-02,0.09082,0.17280
1.01E-03,1.36E+00,1.21E-02,0.09108,0.17334
1.01E-03,1.36E+00,1.21E-02,0.09108,0.17334
1.02E-03,1.37E+00,1.22E-02,0.09133,0.17388
1.02E-03,1.37E+00,1.22E-02,0.09166,0.17442
1.03E-03,1.37E+00,1.22E-02,0.09166,0.17406
1.03E-03,1.37E+00,1.22E-02,0.09192,0.17442
1.04E-03,1.38E+00,1.22E-02,0.09234,0.17495
1.04E-03,1.38E+00,1.22E-02,0.09242,0.17478
1.05E-03,1.38E+00,1.22E-02,0.09234,0.17460
1.05E-03,1.38E+00,1.22E-02,0.09242,0.17495
1.06E-03,1.39E+00,1.23E-02,0.09293,0.17549
1.06E-03,1.39E+00,1.22E-02,0.09284,0.17495
1.07E-03,1.39E+00,1.23E-02,0.09301,0.17567
1.07E-03,1.39E+00,1.23E-02,0.09309,0.17585
1.08E-03,1.39E+00,1.23E-02,0.09326,0.17567
1.08E-03,1.40E+00,1.24E-02,0.09343,0.17657
1.09E-03,1.40E+00,1.24E-02,0.09360,0.17657
1.09E-03,1.40E+00,1.24E-02,0.09360,0.17657
1.10E-03,1.40E+00,1.24E-02,0.09368,0.17657
1.10E-03,1.40E+00,1.24E-02,0.09368,0.17711
1.11E-03,1.40E+00,1.24E-02,0.09393,0.17729
1.11E-03,1.41E+00,1.24E-02,0.09402,0.17675
1.12E-03,1.40E+00,1.24E-02,0.09393,0.17711
1.12E-03,1.41E+00,1.24E-02,0.09402,0.17729
1.13E-03,1.41E+00,1.24E-02,0.09419,0.17711
1.14E-03,1.41E+00,1.24E-02,0.09427,0.17729
1.14E-03,1.41E+00,1.24E-02,0.09435,0.17765
1.15E-03,1.41E+00,1.24E-02,0.09444,0.17765
1.15E-03,1.41E+00,1.24E-02,0.09435,0.17729
1.16E-03,1.41E+00,1.24E-02,0.09435,0.17747
1.16E-03,1.41E+00,1.24E-02,0.09435,0.17729
1.17E-03,1.41E+00,1.25E-02,0.09452,0.17801
1.17E-03,1.41E+00,1.25E-02,0.09435,0.17819
1.18E-03,1.41E+00,1.24E-02,0.09444,0.17783
1.18E-03,1.41E+00,1.24E-02,0.09435,0.17765
1.19E-03,1.41E+00,1.24E-02,0.09427,0.17729
1.19E-03,1.41E+00,1.24E-02,0.09452,0.17765
1.20E-03,1.41E+00,1.25E-02,0.09461,0.17819
1.20E-03,1.41E+00,1.24E-02,0.09435,0.17765
1.21E-03,1.41E+00,1.24E-02,0.09435,0.17729
1.21E-03,1.41E+00,1.24E-02,0.09452,0.17747
1.22E-03,1.41E+00,1.24E-02,0.09427,0.17783
1.22E-03,1.41E+00,1.24E-02,0.09402,0.17711
1.23E-03,1.41E+00,1.24E-02,0.09419,0.17747
1.23E-03,1.41E+00,1.24E-02,0.09402,0.17765
1.24E-03,1.40E+00,1.24E-02,0.09393,0.17747
1.24E-03,1.40E+00,1.24E-02,0.09385,0.17693
1.25E-03,1.40E+00,1.24E-02,0.09385,0.17729
1.26E-03,1.40E+00,1.24E-02,0.09351,0.17693
1.26E-03,1.40E+00,1.24E-02,0.09335,0.17693
1.27E-03,1.39E+00,1.24E-02,0.09326,0.17675
1.27E-03,1.39E+00,1.24E-02,0.09293,0.17657
1.28E-03,1.39E+00,1.24E-02,0.09309,0.17675
1.28E-03,1.39E+00,1.24E-02,0.09284,0.17657
1.29E-03,1.38E+00,1.23E-02,0.09259,0.17567
1.29E-03,1.38E+00,1.23E-02,0.09251,0.17621
1.30E-03,1.38E+00,1.23E-02,0.09234,0.17567
1.30E-03,1.38E+00,1.23E-02,0.09225,0.17549
1.31E-03,1.38E+00,1.23E-02,0.09200,0.17531
1.31E-03,1.37E+00,1.22E-02,0.09183,0.17478
1.32E-03,1.37E+00,1.22E-02,0.09150,0.17478
1.32E-03,1.37E+00,1.22E-02,0.09150,0.17460
1.33E-03,1.36E+00,1.22E-02,0.09108,0.17460
1.33E-03,1.36E+00,1.21E-02,0.09066,0.17352
1.34E-03,1.35E+00,1.22E-02,0.09057,0.17406
1.34E-03,1.35E+00,1.22E-02,0.09049,0.17442
1.35E-03,1.35E+00,1.21E-02,0.08998,0.17316
1.35E-03,1.34E+00,1.21E-02,0.08982,0.17316
1.36E-03,1.34E+00,1.21E-02,0.08948,0.17298
1.36E-03,1.33E+00,1.21E-02,0.08923,0.17262
1.37E-03,1.33E+00,1.21E-02,0.08881,0.17262
1.37E-03,1.32E+00,1.21E-02,0.08856,0.17244
1.38E-03,1.32E+00,1.20E-02,0.08839,0.17155
1.39E-03,1.32E+00,1.20E-02,0.08805,0.17172
1.39E-03,1.31E+00,1.20E-02,0.08780,0.17155
1.40E-03,1.31E+00,1.20E-02,0.08755,0.17101
1.40E-03,1.30E+00,1.19E-02,0.08704,0.17029
1.41E-03,1.30E+00,1.20E-02,0.08688,0.17083
1.41E-03,1.29E+00,1.19E-02,0.08646,0.16993
1.42E-03,1.29E+00,1.19E-02,0.08620,0.16957
1.42E-03,1.28E+00,1.19E-02,0.08587,0.16975
1.43E-03,1.28E+00,1.18E-02,0.08545,0.16885
1.43E-03,1.27E+00,1.18E-02,0.08494,0.16867
1.44E-03,1.27E+00,1.18E-02,0.08461,0.16885
1.44E-03,1.26E+00,1.18E-02,0.08427,0.16796
1.45E-03,1.26E+00,1.17E-02,0.08394,0.16742
1.45E-03,1.25E+00,1.17E-02,0.08360,0.16760
1.46E-03,1.24E+00,1.17E-02,0.08309,0.16652
1.46E-03,1.24E+00,1.16E-02,0.08276,0.16634
1.47E-03,1.23E+00,1.16E-02,0.08242,0.16598
1.47E-03,1.22E+00,1.16E-02,0.08192,0.16544
1.48E-03,1.22E+00,1.16E-02,0.08167,0.16509
1.48E-03,1.21E+00,1.16E-02,0.08125,0.16509
1.49E-03,1.21E+00,1.15E-02,0.08083,0.16437
1.49E-03,1.20E+00,1.15E-02,0.08049,0.16383
1.50E-03,1.19E+00,1.14E-02,0.07990,0.16347
1.51E-03,1.19E+00,1.14E-02,0.07957,0.16275
1.51E-03,1.18E+00,1.14E-02,0.07906,0.16239
1.52E-03,1.18E+00,1.14E-02,0.07873,0.16221
1.52E-03,1.17E+00,1.13E-02,0.07814,0.16186
1.53E-03,1.16E+00,1.13E-02,0.07780,0.16114
1.53E-03,1.16E+00,1.13E-02,0.07738,0.16168
1.54E-03,1.15E+00,1.12E-02,0.07696,0.16042
1.54E-03,1.14E+00,1.12E-02,0.07646,0.15970
1.55E-03,1.13E+00,1.12E-02,0.07579,0.15934
1.55E-03,1.13E+00,1.11E-02,0.07536,0.15863
1.56E-03,1.12E+00,1.11E-02,0.07494,0.15863
1.56E-03,1.11E+00,1.11E-02,0.07452,0.15809
1.57E-03,1.11E+00,1.10E-02,0.07410,0.15719
1.57E-03,1.10E+00,1.10E-02,0.07352,0.15683
1.58E-03,1.09E+00,1.09E-02,0.07310,0.15611
1.58E-03,1.08E+00,1.09E-02,0.07251,0.15575
1.59E-03,1.08E+00,1.08E-02,0.07209,0.15486
1.59E-03,1.07E+00,1.08E-02,0.07167,0.15486
1.60E-03,1.06E+00,1.08E-02,0.07108,0.15432
1.60E-03,1.06E+00,1.08E-02,0.07066,0.15396
1.61E-03,1.05E+00,1.07E-02,0.07007,0.15324
1.61E-03,1.04E+00,1.07E-02,0.06965,0.15252
1.62E-03,1.04E+00,1.07E-02,0.06923,0.15217
1.62E-03,1.03E+00,1.06E-02,0.06856,0.15199
1.63E-03,1.02E+00,1.06E-02,0.06831,0.15109
1.64E-03,1.01E+00,1.05E-02,0.06772,0.15037
1.64E-03,1.01E+00,1.05E-02,0.06722,0.14983
1.65E-03,9.96E-01,1.05E-02,0.06663,0.14947
1.65E-03,9.90E-01,1.04E-02,0.06621,0.14822
1.66E-03,9.80E-01,1.04E-02,0.06553,0.14858
1.66E-03,9.74E-01,1.03E-02,0.06511,0.14732
1.67E-03,9.64E-01,1.03E-02,0.06444,0.14642
1.67E-03,9.57E-01,1.02E-02,0.06402,0.14624
1.68E-03,9.48E-01,1.02E-02,0.06343,0.14571
1.68E-03,9.41E-01,1.02E-02,0.06293,0.14517
1.69E-03,9.36E-01,1.01E-02,0.06259,0.14463
1.69E-03,9.27E-01,1.01E-02,0.06201,0.14373
1.70E-03,9.17E-01,1.00E-02,0.06133,0.14319
1.70E-03,9.13E-01,1.00E-02,0.06108,0.14337
1.71E-03,9.03E-01,9.92E-03,0.06041,0.14176
1.71E-03,8.94E-01,9.90E-03,0.05982,0.14140
1.72E-03,8.84E-01,9.86E-03,0.05915,0.14086
1.72E-03,8.77E-01,9.79E-03,0.05865,0.13978
1.73E-03,8.71E-01,9.75E-03,0.05823,0.13925
1.73E-03,8.63E-01,9.75E-03,0.05772,0.13925
1.74E-03,8.53E-01,9.65E-03,0.05705,0.13781
1.74E-03,8.44E-01,9.61E-03,0.05646,0.13727
1.75E-03,8.37E-01,9.59E-03,0.05596,0.13691
1.76E-03,8.28E-01,9.54E-03,0.05537,0.13620
1.76E-03,8.22E-01,9.47E-03,0.05495,0.13530
1.77E-03,8.13E-01,9.46E-03,0.05436,0.13512
1.77E-03,8.04E-01,9.37E-03,0.05377,0.13386
1.78E-03,7.96E-01,9.32E-03,0.05327,0.13315
1.78E-03,7.88E-01,9.28E-03,0.05268,0.13261
1.79E-03,7.78E-01,9.20E-03,0.05201,0.13135
1.79E-03,7.70E-01,9.16E-03,0.05150,0.13081
1.80E-03,7.63E-01,9.12E-03,0.05100,0.13027
1.80E-03,7.54E-01,9.05E-03,0.05041,0.12920
1.81E-03,7.46E-01,9.01E-03,0.04991,0.12866
1.81E-03,7.37E-01,8.98E-03,0.04932,0.12830
1.82E-03,7.30E-01,8.92E-03,0.04881,0.12740
1.82E-03,7.22E-01,8.84E-03,0.04831,0.12633
1.83E-03,7.14E-01,8.81E-03,0.04772,0.12579
1.83E-03,7.05E-01,8.76E-03,0.04713,0.12507
1.84E-03,6.96E-01,8.69E-03,0.04655,0.12417
1.84E-03,6.88E-01,8.66E-03,0.04604,0.12363
1.85E-03,6.80E-01,8.58E-03,0.04545,0.12256
1.85E-03,6.70E-01,8.53E-03,0.04478,0.12184
1.86E-03,6.63E-01,8.49E-03,0.04436,0.12130
1.86E-03,6.53E-01,8.39E-03,0.04369,0.11987
1.87E-03,6.44E-01,8.38E-03,0.04310,0.11969
1.87E-03,6.38E-01,8.30E-03,0.04268,0.11861
1.88E-03,6.29E-01,8.25E-03,0.04209,0.11789
1.89E-03,6.21E-01,8.20E-03,0.04151,0.11718
1.89E-03,6.12E-01,8.15E-03,0.04092,0.11646
1.90E-03,6.03E-01,8.07E-03,0.04033,0.11520
1.90E-03,5.97E-01,8.00E-03,0.03991,0.11430
1.91E-03,5.87E-01,7.95E-03,0.03924,0.11359
1.91E-03,5.79E-01,7.90E-03,0.03873,0.11287
1.92E-03,5.72E-01,7.84E-03,0.03823,0.11197
1.92E-03,5.64E-01,7.83E-03,0.03772,0.11179
1.93E-03,5.54E-01,7.74E-03,0.03705,0.11054
1.93E-03,5.46E-01,7.68E-03,0.03655,0.10964
1.94E-03,5.40E-01,7.60E-03,0.03613,0.10856
1.94E-03,5.33E-01,7.55E-03,0.03562,0.10784
1.95E-03,5.24E-01,7.49E-03,0.03504,0.10695
1.95E-03,5.15E-01,7.44E-03,0.03445,0.10623
1.96E-03,5.05E-01,7.36E-03,0.03378,0.10515
1.96E-03,4.96E-01,7.30E-03,0.03319,0.10426
1.97E-03,4.89E-01,7.29E-03,0.03268,0.10408
1.97E-03,4.80E-01,7.16E-03,0.03210,0.10228
1.98E-03,4.72E-01,7.12E-03,0.03159,0.10174
1.98E-03,4.65E-01,7.09E-03,0.03109,0.10120
1.99E-03,4.57E-01,6.98E-03,0.03058,0.09977
1.99E-03,4.48E-01,6.95E-03,0.02999,0.09923
2.00E-03,4.40E-01,6.88E-03,0.02941,0.09833
2.01E-03,4.31E-01,6.82E-03,0.02882,0.09744
2.01E-03,4.22E-01,6.78E-03,0.02823,0.09690
2.02E-03,4.15E-01,6.70E-03,0.02773,0.09564
2.02E-03,4.07E-01,6.62E-03,0.02722,0.09457
2.03E-03,3.97E-01,6.60E-03,0.02655,0.09421
2.03E-03,3.89E-01,6.51E-03,0.02605,0.09295
2.04E-03,3.83E-01,6.42E-03,0.02563,0.09169
2.04E-03,3.76E-01,6.38E-03,0.02512,0.09116
2.05E-03,3.67E-01,6.31E-03,0.02453,0.09008
2.05E-03,3.59E-01,6.24E-03,0.02403,0.08918
2.06E-03,3.51E-01,6.19E-03,0.02344,0.08846
2.06E-03,3.42E-01,6.08E-03,0.02285,0.08685
2.07E-03,3.33E-01,6.03E-03,0.02227,0.08613
2.07E-03,3.27E-01,5.98E-03,0.02184,0.08541
2.08E-03,3.19E-01,5.90E-03,0.02134,0.08434
2.08E-03,3.13E-01,5.85E-03,0.02092,0.08362
2.09E-03,3.02E-01,5.78E-03,0.02016,0.08254
2.09E-03,2.95E-01,5.70E-03,0.01974,0.08147
2.10E-03,2.86E-01,5.65E-03,0.01916,0.08075
2.10E-03,2.78E-01,5.58E-03,0.01857,0.07967
2.11E-03,2.71E-01,5.49E-03,0.01815,0.07842
2.11E-03,2.65E-01,5.44E-03,0.01773,0.07770
2.12E-03,2.56E-01,5.36E-03,0.01714,0.07662
2.12E-03,2.50E-01,5.28E-03,0.01672,0.07537
2.13E-03,2.41E-01,5.24E-03,0.01613,0.07483
2.14E-03,2.34E-01,5.14E-03,0.01563,0.07339
2.14E-03,2.26E-01,5.09E-03,0.01512,0.07267
2.15E-03,2.19E-01,5.03E-03,0.01462,0.07178
2.15E-03,2.12E-01,4.92E-03,0.01420,0.07034
2.16E-03,2.02E-01,4.86E-03,0.01353,0.06944
2.16E-03,1.93E-01,4.82E-03,0.01294,0.06891
2.17E-03,1.88E-01,4.74E-03,0.01260,0.06765
2.17E-03,1.80E-01,4.62E-03,0.01201,0.06603
2.18E-03,1.75E-01,4.59E-03,0.01168,0.06550
2.18E-03,1.66E-01,4.47E-03,0.01109,0.06388
2.19E-03,1.56E-01,4.41E-03,0.01042,0.06298
2.19E-03,1.48E-01,4.36E-03,0.00991,0.06227
2.20E-03,1.41E-01,4.28E-03,0.00941,0.06119
2.20E-03,1.36E-01,4.20E-03,0.00907,0.05993
2.21E-03,1.26E-01,4.13E-03,0.00840,0.05904
2.21E-03,1.18E-01,4.05E-03,0.00790,0.05778
2.22E-03,1.12E-01,3.97E-03,0.00748,0.05670
2.22E-03,1.06E-01,3.92E-03,0.00706,0.05599
2.23E-03,9.80E-02,3.81E-03,0.00655,0.05437
2.23E-03,8.79E-02,3.77E-03,0.00588,0.05383
2.24E-03,8.29E-02,3.69E-03,0.00555,0.05276
2.24E-03,7.41E-02,3.61E-03,0.00496,0.05150
2.25E-03,6.78E-02,3.53E-03,0.00454,0.05042
2.26E-03,5.78E-02,3.45E-03,0.00386,0.04935
2.26E-03,5.15E-02,3.38E-03,0.00344,0.04827
2.27E-03,4.40E-02,3.32E-03,0.00294,0.04737
2.27E-03,3.89E-02,3.23E-03,0.00260,0.04612
2.28E-03,3.27E-02,3.13E-03,0.00218,0.04468
2.28E-03,2.26E-02,3.12E-03,0.00151,0.04450
2.29E-03,1.51E-02,3.02E-03,0.00101,0.04307
2.29E-03,8.79E-03,2.93E-03,0.00059,0.04181
2.30E-03,1.26E-03,2.88E-03,0.00008,0.04109
2.30E-03,-6.28E-03,2.75E-03,-0.00042,0.03930
2.31E-03,-1.13E-02,2.69E-03,-0.00076,0.03840
2.31E-03,-1.76E-02,2.61E-03,-0.00118,0.03732
2.32E-03,-2.64E-02,2.54E-03,-0.00176,0.03625
2.32E-03,-3.14E-02,2.47E-03,-0.00210,0.03535
2.33E-03,-3.77E-02,2.39E-03,-0.00252,0.03409
2.33E-03,-4.52E-02,2.30E-03,-0.00302,0.03284
2.34E-03,-5.28E-02,2.25E-03,-0.00353,0.03212
2.34E-03,-5.90E-02,2.15E-03,-0.00395,0.03068
2.35E-03,-6.78E-02,2.06E-03,-0.00454,0.02943
2.35E-03,-7.04E-02,2.01E-03,-0.00471,0.02871
2.36E-03,-7.79E-02,1.92E-03,-0.00521,0.02745
2.36E-03,-8.54E-02,1.83E-03,-0.00571,0.02620
2.37E-03,-9.05E-02,1.80E-03,-0.00605,0.02566
2.37E-03,-9.67E-02,1.68E-03,-0.00647,0.02405
2.38E-03,-1.04E-01,1.60E-03,-0.00697,0.02279
2.39E-03,-1.12E-01,1.56E-03,-0.00748,0.02225
2.39E-03,-1.18E-01,1.42E-03,-0.00790,0.02028
2.40E-03,-1.26E-01,1.36E-03,-0.00840,0.01938
2.40E-03,-1.33E-01,1.27E-03,-0.00891,0.01812
2.41E-03,-1.38E-01,1.19E-03,-0.00924,0.01705
2.41E-03,-1.46E-01,1.12E-03,-0.00975,0.01597
2.42E-03,-1.52E-01,1.06E-03,-0.01017,0.01507
2.42E-03,-1.60E-01,9.55E-04,-0.01067,0.01364
2.43E-03,-1.63E-01,8.67E-04,-0.01092,0.01238
2.43E-03,-1.73E-01,8.04E-04,-0.01159,0.01148
2.44E-03,-1.77E-01,7.04E-04,-0.01185,0.01005
2.44E-03,-1.85E-01,6.03E-04,-0.01235,0.00861
2.45E-03,-1.90E-01,5.65E-04,-0.01269,0.00807
2.45E-03,-2.00E-01,4.40E-04,-0.01336,0.00628
2.46E-03,-2.05E-01,3.52E-04,-0.01370,0.00502
2.46E-03,-2.11E-01,3.27E-04,-0.01412,0.00467
2.47E-03,-2.19E-01,1.76E-04,-0.01462,0.00251
2.47E-03,-2.25E-01,1.38E-04,-0.01504,0.00197
2.48E-03,-2.32E-01,7.54E-05,-0.01554,0.00108
2.48E-03,-2.37E-01,-2.51E-05,-0.01588,-0.00036
2.49E-03,-2.44E-01,-1.01E-04,-0.01630,-0.00144
2.49E-03,-2.53E-01,-1.63E-04,-0.01689,-0.00233
2.50E-03,-2.58E-01,-2.76E-04,-0.01722,-0.00395
2.51E-03,-2.64E-01,-3.39E-04,-0.01764,-0.00484
2.51E-03,-2.71E-01,-4.27E-04,-0.01815,-0.00610
2.52E-03,-2.74E-01,-5.15E-04,-0.01832,-0.00736
2.52E-03,-2.83E-01,-6.16E-04,-0.01890,-0.00879
2.53E-03,-2.89E-01,-6.53E-04,-0.01932,-0.00933
2.53E-03,-2.94E-01,-7.41E-04,-0.01966,-0.01059
2.54E-03,-3.02E-01,-8.42E-04,-0.02016,-0.01202
2.54E-03,-3.07E-01,-8.92E-04,-0.02050,-0.01274
2.55E-03,-3.13E-01,-1.02E-03,-0.02092,-0.01453
2.55E-03,-3.19E-01,-1.09E-03,-0.02134,-0.01561
2.56E-03,-3.27E-01,-1.16E-03,-0.02184,-0.01651
2.56E-03,-3.32E-01,-1.24E-03,-0.02218,-0.01776
2.57E-03,-3.38E-01,-1.34E-03,-0.02260,-0.01920
2.57E-03,-3.47E-01,-1.41E-03,-0.02319,-0.02010
2.58E-03,-3.52E-01,-1.48E-03,-0.02353,-0.02117
2.58E-03,-3.58E-01,-1.60E-03,-0.02395,-0.02279
2.59E-03,-3.62E-01,-1.65E-03,-0.02420,-0.02351
2.59E-03,-3.69E-01,-1.76E-03,-0.02470,-0.02512
2.60E-03,-3.76E-01,-1.85E-03,-0.02512,-0.02638
2.60E-03,-3.83E-01,-1.90E-03,-0.02563,-0.02710
2.61E-03,-3.87E-01,-2.00E-03,-0.02588,-0.02853
2.61E-03,-3.96E-01,-2.06E-03,-0.02647,-0.02943
2.62E-03,-4.01E-01,-2.16E-03,-0.02680,-0.03086
2.62E-03,-4.06E-01,-2.24E-03,-0.02714,-0.03194
2.63E-03,-4.12E-01,-2.32E-03,-0.02756,-0.03320
2.64E-03,-4.18E-01,-2.37E-03,-0.02798,-0.03391
2.64E-03,-4.23E-01,-2.47E-03,-0.02831,-0.03535
2.65E-03,-4.27E-01,-2.55E-03,-0.02857,-0.03643
2.65E-03,-4.36E-01,-2.66E-03,-0.02915,-0.03804
2.66E-03,-4.41E-01,-2.74E-03,-0.02949,-0.03912
2.66E-03,-4.45E-01,-2.79E-03,-0.02974,-0.03984
2.67E-03,-4.52E-01,-2.90E-03,-0.03025,-0.04145
2.67E-03,-4.60E-01,-3.00E-03,-0.03075,-0.04289
2.68E-03,-4.66E-01,-3.02E-03,-0.03117,-0.04307
2.68E-03,-4.71E-01,-3.14E-03,-0.03151,-0.04486
2.69E-03,-4.79E-01,-3.23E-03,-0.03201,-0.04612
2.69E-03,-4.82E-01,-3.28E-03,-0.03226,-0.04683
2.70E-03,-4.89E-01,-3.40E-03,-0.03268,-0.04863
2.70E-03,-4.96E-01,-3.47E-03,-0.03319,-0.04953
2.71E-03,-5.03E-01,-3.56E-03,-0.03361,-0.05078
2.71E-03,-5.06E-01,-3.66E-03,-0.03386,-0.05222
2.72E-03,-5.15E-01,-3.74E-03,-0.03445,-0.05347
2.72E-03,-5.21E-01,-3.81E-03,-0.03487,-0.05437
2.73E-03,-5.25E-01,-3.89E-03,-0.03512,-0.05563
2.73E-03,-5.31E-01,-3.96E-03,-0.03554,-0.05652
2.74E-03,-5.38E-01,-4.03E-03,-0.03596,-0.05760
2.74E-03,-5.45E-01,-4.15E-03,-0.03646,-0.05922
2.75E-03,-5.48E-01,-4.21E-03,-0.03663,-0.06011
2.76E-03,-5.55E-01,-4.28E-03,-0.03714,-0.06119
2.76E-03,-5.64E-01,-4.40E-03,-0.03772,-0.06280
2.77E-03,-5.70E-01,-4.45E-03,-0.03814,-0.06352
2.77E-03,-5.75E-01,-4.56E-03,-0.03848,-0.06514
2.78E-03,-5.79E-01,-4.61E-03,-0.03873,-0.06585
2.78E-03,-5.88E-01,-4.67E-03,-0.03932,-0.06675
2.79E-03,-5.93E-01,-4.76E-03,-0.03966,-0.06801
2.79E-03,-5.99E-01,-4.86E-03,-0.04008,-0.06944
2.80E-03,-6.06E-01,-4.94E-03,-0.04050,-0.07052
2.80E-03,-6.12E-01,-5.00E-03,-0.04092,-0.07142
2.81E-03,-6.16E-01,-5.09E-03,-0.04117,-0.07267
2.81E-03,-6.23E-01,-5.19E-03,-0.04167,-0.07411
2.82E-03,-6.28E-01,-5.26E-03,-0.04201,-0.07519
2.82E-03,-6.37E-01,-5.31E-03,-0.04260,-0.07590
2.83E-03,-6.42E-01,-5.40E-03,-0.04293,-0.07716
2.83E-03,-6.48E-01,-5.48E-03,-0.04335,-0.07824
2.84E-03,-6.55E-01,-5.59E-03,-0.04377,-0.07985
2.84E-03,-6.60E-01,-5.65E-03,-0.04411,-0.08075
2.85E-03,-6.66E-01,-5.73E-03,-0.04453,-0.08183
2.85E-03,-6.71E-01,-5.82E-03,-0.04487,-0.08308
2.86E-03,-6.80E-01,-5.90E-03,-0.04545,-0.08434
2.86E-03,-6.85E-01,-5.95E-03,-0.04579,-0.08505
2.87E-03,-6.92E-01,-6.03E-03,-0.04629,-0.08613
2.87E-03,-6.98E-01,-6.12E-03,-0.04671,-0.08739
2.88E-03,-7.04E-01,-6.21E-03,-0.04705,-0.08864
2.89E-03,-7.09E-01,-6.26E-03,-0.04739,-0.08936
2.89E-03,-7.14E-01,-6.33E-03,-0.04772,-0.09044
2.90E-03,-7.25E-01,-6.44E-03,-0.04848,-0.09205
2.90E-03,-7.29E-01,-6.49E-03,-0.04873,-0.09277
2.91E-03,-7.36E-01,-6.57E-03,-0.04924,-0.09385
2.91E-03,-7.40E-01,-6.67E-03,-0.04949,-0.09528
2.92E-03,-7.47E-01,-6.75E-03,-0.04999,-0.09636
2.92E-03,-7.53E-01,-6.77E-03,-0.05033,-0.09672
2.93E-03,-7.60E-01,-6.86E-03,-0.05083,-0.09797
2.93E-03,-7.66E-01,-6.96E-03,-0.05125,-0.09941
2.94E-03,-7.71E-01,-7.01E-03,-0.05159,-0.10013
2.94E-03,-7.79E-01,-7.14E-03,-0.05209,-0.10192
2.95E-03,-7.84E-01,-7.20E-03,-0.05243,-0.10282
2.95E-03,-7.91E-01,-7.21E-03,-0.05293,-0.10300
2.96E-03,-7.99E-01,-7.32E-03,-0.05344,-0.10461
2.96E-03,-8.04E-01,-7.39E-03,-0.05377,-0.10551
2.97E-03,-8.12E-01,-7.46E-03,-0.05428,-0.10659
2.97E-03,-8.15E-01,-7.56E-03,-0.05453,-0.10802
2.98E-03,-8.24E-01,-7.63E-03,-0.05512,-0.10892
2.98E-03,-8.30E-01,-7.66E-03,-0.05554,-0.10946
2.99E-03,-8.33E-01,-7.76E-03,-0.05570,-0.11089
2.99E-03,-8.42E-01,-7.83E-03,-0.05629,-0.11179
3.00E-03,-8.47E-01,-7.90E-03,-0.05663,-0.11287
3.01E-03,-8.57E-01,-7.99E-03,-0.05730,-0.11412
3.01E-03,-8.63E-01,-8.05E-03,-0.05772,-0.11502
3.02E-03,-8.68E-01,-8.12E-03,-0.05806,-0.11592
3.02E-03,-8.74E-01,-8.19E-03,-0.05848,-0.11700
3.03E-03,-8.81E-01,-8.23E-03,-0.05890,-0.11753
3.03E-03,-8.87E-01,-8.30E-03,-0.05932,-0.11861
3.04E-03,-8.93E-01,-8.35E-03,-0.05974,-0.11933
3.04E-03,-8.99E-01,-8.44E-03,-0.06016,-0.12058
3.05E-03,-9.08E-01,-8.52E-03,-0.06075,-0.12166
3.05E-03,-9.12E-01,-8.57E-03,-0.06100,-0.12238
3.06E-03,-9.18E-01,-8.64E-03,-0.06142,-0.12346
3.06E-03,-9.25E-01,-8.71E-03,-0.06184,-0.12435
3.07E-03,-9.33E-01,-8.76E-03,-0.06243,-0.12507
3.07E-03,-9.37E-01,-8.84E-03,-0.06268,-0.12633
3.08E-03,-9.47E-01,-8.91E-03,-0.06335,-0.12722
3.08E-03,-9.51E-01,-8.98E-03,-0.06360,-0.12830
3.09E-03,-9.59E-01,-9.07E-03,-0.06411,-0.12956
3.09E-03,-9.64E-01,-9.10E-03,-0.06444,-0.12992
3.10E-03,-9.71E-01,-9.16E-03,-0.06495,-0.13081
3.10E-03,-9.79E-01,-9.22E-03,-0.06545,-0.13171
3.11E-03,-9.85E-01,-9.30E-03,-0.06587,-0.13279
3.11E-03,-9.90E-01,-9.37E-03,-0.06621,-0.13386
3.12E-03,-9.96E-01,-9.41E-03,-0.06663,-0.13440
3.12E-03,-1.00E+00,-9.47E-03,-0.06696,-0.13530
3.13E-03,-1.01E+00,-9.54E-03,-0.06747,-0.13620
3.14E-03,-1.02E+00,-9.59E-03,-0.06797,-0.13691
3.14E-03,-1.02E+00,-9.66E-03,-0.06831,-0.13799
3.15E-03,-1.03E+00,-9.70E-03,-0.06881,-0.13853
3.15E-03,-1.04E+00,-9.77E-03,-0.06932,-0.13961
3.16E-03,-1.04E+00,-9.84E-03,-0.06965,-0.14050
3.16E-03,-1.05E+00,-9.86E-03,-0.06999,-0.14086
3.17E-03,-1.05E+00,-9.89E-03,-0.07032,-0.14122
3.17E-03,-1.06E+00,-9.99E-03,-0.07100,-0.14266
3.18E-03,-1.07E+00,-1.01E-02,-0.07125,-0.14373
3.18E-03,-1.07E+00,-1.01E-02,-0.07175,-0.14427
3.19E-03,-1.08E+00,-1.02E-02,-0.07217,-0.14517
3.19E-03,-1.08E+00,-1.02E-02,-0.07251,-0.14589
3.20E-03,-1.09E+00,-1.03E-02,-0.07293,-0.14660
3.20E-03,-1.10E+00,-1.03E-02,-0.07343,-0.14714
3.21E-03,-1.10E+00,-1.03E-02,-0.07368,-0.14768
3.21E-03,-1.11E+00,-1.04E-02,-0.07410,-0.14876
3.22E-03,-1.11E+00,-1.05E-02,-0.07452,-0.14965
3.22E-03,-1.12E+00,-1.05E-02,-0.07494,-0.15037
3.23E-03,-1.13E+00,-1.05E-02,-0.07545,-0.15055
3.23E-03,-1.13E+00,-1.07E-02,-0.07587,-0.15217
3.24E-03,-1.14E+00,-1.07E-02,-0.07621,-0.15270
3.24E-03,-1.15E+00,-1.07E-02,-0.07671,-0.15288
3.25E-03,-1.15E+00,-1.08E-02,-0.07705,-0.15414
3.26E-03,-1.16E+00,-1.08E-02,-0.07747,-0.15432
3.26E-03,-1.16E+00,-1.09E-02,-0.07789,-0.15522
3.27E-03,-1.17E+00,-1.09E-02,-0.07822,-0.15611
3.27E-03,-1.17E+00,-1.09E-02,-0.07856,-0.15611
3.28E-03,-1.18E+00,-1.10E-02,-0.07906,-0.15665
3.28E-03,-1.19E+00,-1.10E-02,-0.07940,-0.15737
3.29E-03,-1.19E+00,-1.11E-02,-0.07973,-0.15827
3.29E-03,-1.20E+00,-1.11E-02,-0.08007,-0.15916
3.30E-03,-1.20E+00,-1.12E-02,-0.08032,-0.15934
3.30E-03,-1.21E+00,-1.12E-02,-0.08083,-0.16024
3.31E-03,-1.22E+00,-1.13E-02,-0.08133,-0.16096
3.31E-03,-1.22E+00,-1.13E-02,-0.08167,-0.16096
3.32E-03,-1.22E+00,-1.14E-02,-0.08183,-0.16221
3.32E-03,-1.23E+00,-1.14E-02,-0.08242,-0.16293
3.33E-03,-1.24E+00,-1.14E-02,-0.08284,-0.16347
3.33E-03,-1.24E+00,-1.15E-02,-0.08293,-0.16365
3.34E-03,-1.25E+00,-1.15E-02,-0.08343,-0.16419
3.34E-03,-1.25E+00,-1.15E-02,-0.08385,-0.16473
3.35E-03,-1.26E+00,-1.16E-02,-0.08410,-0.16562
3.35E-03,-1.26E+00,-1.17E-02,-0.08444,-0.16652
3.36E-03,-1.27E+00,-1.16E-02,-0.08494,-0.16616
3.36E-03,-1.27E+00,-1.17E-02,-0.08511,-0.16706
3.37E-03,-1.28E+00,-1.17E-02,-0.08553,-0.16778
3.37E-03,-1.28E+00,-1.17E-02,-0.08578,-0.16778
3.38E-03,-1.29E+00,-1.18E-02,-0.08595,-0.16832
3.39E-03,-1.29E+00,-1.18E-02,-0.08654,-0.16867
3.39E-03,-1.30E+00,-1.19E-02,-0.08688,-0.16939
3.40E-03,-1.30E+00,-1.19E-02,-0.08704,-0.17029
3.40E-03,-1.31E+00,-1.19E-02,-0.08738,-0.17029
3.41E-03,-1.31E+00,-1.19E-02,-0.08763,-0.17047
3.41E-03,-1.31E+00,-1.20E-02,-0.08788,-0.17101
3.42E-03,-1.32E+00,-1.20E-02,-0.08839,-0.17155
3.42E-03,-1.32E+00,-1.20E-02,-0.08856,-0.17172
3.43E-03,-1.33E+00,-1.21E-02,-0.08872,-0.17226
3.43E-03,-1.33E+00,-1.21E-02,-0.08914,-0.17316
3.44E-03,-1.34E+00,-1.21E-02,-0.08948,-0.17352
3.44E-03,-1.34E+00,-1.21E-02,-0.08956,-0.17334
3.45E-03,-1.34E+00,-1.22E-02,-0.08982,-0.17388
3.45E-03,-1.35E+00,-1.22E-02,-0.09015,-0.17442
3.46E-03,-1.35E+00,-1.22E-02,-0.09057,-0.17442
3.46E-03,-1.36E+00,-1.22E-02,-0.09082,-0.17478
3.47E-03,-1.36E+00,-1.23E-02,-0.09099,-0.17513
3.47E-03,-1.36E+00,-1.23E-02,-0.09124,-0.17549
3.48E-03,-1.37E+00,-1.24E-02,-0.09133,-0.17657
3.48E-03,-1.37E+00,-1.23E-02,-0.09158,-0.17585
3.49E-03,-1.37E+00,-1.23E-02,-0.09175,-0.17639
3.49E-03,-1.38E+00,-1.24E-02,-0.09208,-0.17711
3.50E-03,-1.38E+00,-1.24E-02,-0.09242,-0.17693
3.51E-03,-1.39E+00,-1.24E-02,-0.09267,-0.17729
3.51E-03,-1.39E+00,-1.24E-02,-0.09267,-0.17747
3.52E-03,-1.39E+00,-1.25E-02,-0.09284,-0.17801
3.52E-03,-1.39E+00,-1.25E-02,-0.09309,-0.17819
3.53E-03,-1.39E+00,-1.25E-02,-0.09309,-0.17801
3.53E-03,-1.40E+00,-1.25E-02,-0.09351,-0.17836
3.54E-03,-1.40E+00,-1.25E-02,-0.09368,-0.17890
3.54E-03,-1.40E+00,-1.25E-02,-0.09385,-0.17872
3.55E-03,-1.40E+00,-1.25E-02,-0.09393,-0.17908
3.55E-03,-1.41E+00,-1.26E-02,-0.09402,-0.17926
3.56E-03,-1.41E+00,-1.26E-02,-0.09419,-0.17944
3.56E-03,-1.41E+00,-1.26E-02,-0.09461,-0.17980
3.57E-03,-1.41E+00,-1.26E-02,-0.09452,-0.18034
3.57E-03,-1.41E+00,-1.26E-02,-0.09461,-0.18016
3.58E-03,-1.42E+00,-1.27E-02,-0.09486,-0.18070
3.58E-03,-1.42E+00,-1.26E-02,-0.09486,-0.18052
3.59E-03,-1.42E+00,-1.26E-02,-0.09503,-0.18034
3.59E-03,-1.42E+00,-1.27E-02,-0.09511,-0.18088
3.60E-03,-1.42E+00,-1.27E-02,-0.09503,-0.18088
3.60E-03,-1.43E+00,-1.27E-02,-0.09536,-0.18070
3.61E-03,-1.43E+00,-1.27E-02,-0.09536,-0.18141
3.61E-03,-1.43E+00,-1.27E-02,-0.09536,-0.18088
3.62E-03,-1.43E+00,-1.27E-02,-0.09553,-0.18088
3.62E-03,-1.43E+00,-1.27E-02,-0.09561,-0.18123
3.63E-03,-1.43E+00,-1.27E-02,-0.09570,-0.18141
3.64E-03,-1.43E+00,-1.27E-02,-0.09578,-0.18159
3.64E-03,-1.43E+00,-1.27E-02,-0.09578,-0.18177
3.65E-03,-1.44E+00,-1.27E-02,-0.09603,-0.18177
3.65E-03,-1.43E+00,-1.27E-02,-0.09595,-0.18141
3.66E-03,-1.43E+00,-1.27E-02,-0.09587,-0.18159
3.66E-03,-1.43E+00,-1.27E-02,-0.09570,-0.18177
3.67E-03,-1.44E+00,-1.27E-02,-0.09603,-0.18159
3.67E-03,-1.43E+00,-1.27E-02,-0.09587,-0.18141
3.68E-03,-1.43E+00,-1.27E-02,-0.09595,-0.18159
3.68E-03,-1.43E+00,-1.27E-02,-0.09570,-0.18123
3.69E-03,-1.44E+00,-1.27E-02,-0.09603,-0.18177
3.69E-03,-1.44E+00,-1.27E-02,-0.09603,-0.18123
3.70E-03,-1.43E+00,-1.27E-02,-0.09578,-0.18123
3.70E-03,-1.43E+00,-1.27E-02,-0.09587,-0.18106
3.71E-03,-1.43E+00,-1.27E-02,-0.09578,-0.18159
3.71E-03,-1.43E+00,-1.27E-02,-0.09578,-0.18141
3.72E-03,-1.43E+00,-1.27E-02,-0.09570,-0.18141
3.72E-03,-1.43E+00,-1.27E-02,-0.09545,-0.18123
3.73E-03,-1.43E+00,-1.27E-02,-0.09545,-0.18088
3.73E-03,-1.43E+00,-1.27E-02,-0.09553,-0.18106
3.74E-03,-1.43E+00,-1.27E-02,-0.09553,-0.18106
3.74E-03,-1.42E+00,-1.27E-02,-0.09519,-0.18123
3.75E-03,-1.42E+00,-1.27E-02,-0.09519,-0.18070
3.76E-03,-1.42E+00,-1.27E-02,-0.09511,-0.18088
3.76E-03,-1.42E+00,-1.26E-02,-0.09494,-0.18052
3.77E-03,-1.42E+00,-1.26E-02,-0.09477,-0.17998
3.77E-03,-1.41E+00,-1.27E-02,-0.09461,-0.18070
3.78E-03,-1.41E+00,-1.26E-02,-0.09452,-0.18016
3.78E-03,-1.41E+00,-1.26E-02,-0.09435,-0.17998
3.79E-03,-1.41E+00,-1.26E-02,-0.09419,-0.17998
3.79E-03,-1.40E+00,-1.26E-02,-0.09385,-0.17926
3.80E-03,-1.40E+00,-1.26E-02,-0.09377,-0.17944
3.80E-03,-1.40E+00,-1.25E-02,-0.09351,-0.17908
3.81E-03,-1.40E+00,-1.25E-02,-0.09335,-0.17890
3.81E-03,-1.39E+00,-1.25E-02,-0.09326,-0.17890
3.82E-03,-1.39E+00,-1.25E-02,-0.09301,-0.17854
3.82E-03,-1.39E+00,-1.25E-02,-0.09284,-0.17836
3.83E-03,-1.38E+00,-1.25E-02,-0.09242,-0.17819
3.83E-03,-1.38E+00,-1.25E-02,-0.09225,-0.17801
3.84E-03,-1.38E+00,-1.24E-02,-0.09208,-0.17765
3.84E-03,-1.37E+00,-1.25E-02,-0.09183,-0.17801
3.85E-03,-1.37E+00,-1.24E-02,-0.09150,-0.17693
3.85E-03,-1.37E+00,-1.24E-02,-0.09133,-0.17729
3.86E-03,-1.36E+00,-1.24E-02,-0.09108,-0.17711
3.86E-03,-1.36E+00,-1.23E-02,-0.09066,-0.17639
3.87E-03,-1.35E+00,-1.23E-02,-0.09049,-0.17621
3.87E-03,-1.35E+00,-1.23E-02,-0.09015,-0.17549
3.88E-03,-1.34E+00,-1.23E-02,-0.08990,-0.17549
3.89E-03,-1.34E+00,-1.23E-02,-0.08948,-0.17549
3.89E-03,-1.34E+00,-1.22E-02,-0.08931,-0.17478
3.90E-03,-1.33E+00,-1.22E-02,-0.08889,-0.17406
3.90E-03,-1.33E+00,-1.22E-02,-0.08864,-0.17460
3.91E-03,-1.32E+00,-1.22E-02,-0.08830,-0.17406
3.91E-03,-1.32E+00,-1.21E-02,-0.08797,-0.17334
3.92E-03,-1.31E+00,-1.22E-02,-0.08755,-0.17370
3.92E-03,-1.31E+00,-1.21E-02,-0.08738,-0.17298
3.93E-03,-1.30E+00,-1.21E-02,-0.08721,-0.17262
3.93E-03,-1.30E+00,-1.21E-02,-0.08662,-0.17226
3.94E-03,-1.29E+00,-1.20E-02,-0.08612,-0.17155
3.94E-03,-1.28E+00,-1.20E-02,-0.08578,-0.17137
3.95E-03,-1.28E+00,-1.20E-02,-0.08553,-0.17137
3.95E-03,-1.27E+00,-1.20E-02,-0.08520,-0.17083
3.96E-03,-1.27E+00,-1.19E-02,-0.08469,-0.17011
3.96E-03,-1.26E+00,-1.19E-02,-0.08427,-0.16993
3.97E-03,-1.26E+00,-1.19E-02,-0.08410,-0.16975
3.97E-03,-1.25E+00,-1.18E-02,-0.08351,-0.16867
3.98E-03,-1.24E+00,-1.18E-02,-0.08318,-0.16885
3.98E-03,-1.24E+00,-1.18E-02,-0.08276,-0.16814
3.99E-03,-1.23E+00,-1.18E-02,-0.08242,-0.16850
3.99E-03,-1.23E+00,-1.17E-02,-0.08209,-0.16778
4.00E-03,-1.22E+00,-1.17E-02,-0.08167,-0.16706
4.01E-03,-1.21E+00,-1.16E-02,-0.08099,-0.16616
4.01E-03,-1.21E+00,-1.16E-02,-0.08066,-0.16616
4.02E-03,-1.20E+00,-1.16E-02,-0.08032,-0.16544
4.02E-03,-1.19E+00,-1.16E-02,-0.07990,-0.16509
4.03E-03,-1.19E+00,-1.15E-02,-0.07931,-0.16455
4.03E-03,-1.18E+00,-1.15E-02,-0.07889,-0.16455
4.04E-03,-1.17E+00,-1.15E-02,-0.07856,-0.16401
4.04E-03,-1.17E+00,-1.14E-02,-0.07797,-0.16329
4.05E-03,-1.16E+00,-1.14E-02,-0.07738,-0.16257
4.05E-03,-1.15E+00,-1.14E-02,-0.07713,-0.16221
4.06E-03,-1.15E+00,-1.13E-02,-0.07679,-0.16203
4.06E-03,-1.14E+00,-1.13E-02,-0.07612,-0.16150
4.07E-03,-1.13E+00,-1.13E-02,-0.07579,-0.16096
4.07E-03,-1.12E+00,-1.12E-02,-0.07511,-0.16006
4.08E-03,-1.12E+00,-1.12E-02,-0.07478,-0.15970
4.08E-03,-1.11E+00,-1.12E-02,-0.07436,-0.15952
4.09E-03,-1.10E+00,-1.11E-02,-0.07368,-0.15863
4.09E-03,-1.09E+00,-1.11E-02,-0.07301,-0.15827
4.10E-03,-1.09E+00,-1.11E-02,-0.07276,-0.15791
4.10E-03,-1.08E+00,-1.10E-02,-0.07234,-0.15701
4.11E-03,-1.07E+00,-1.10E-02,-0.07167,-0.15665
4.11E-03,-1.07E+00,-1.09E-02,-0.07125,-0.15593
4.12E-03,-1.06E+00,-1.09E-02,-0.07083,-0.15558
4.12E-03,-1.05E+00,-1.09E-02,-0.07041,-0.15504
4.13E-03,-1.04E+00,-1.08E-02,-0.06965,-0.15396
4.14E-03,-1.04E+00,-1.08E-02,-0.06932,-0.15360
4.14E-03,-1.03E+00,-1.07E-02,-0.06890,-0.15306
4.15E-03,-1.02E+00,-1.07E-02,-0.06831,-0.15270
4.15E-03,-1.01E+00,-1.06E-02,-0.06780,-0.15181
4.16E-03,-1.01E+00,-1.06E-02,-0.06722,-0.15163
4.16E-03,-9.97E-01,-1.05E-02,-0.06671,-0.15055
4.17E-03,-9.90E-01,-1.05E-02,-0.06621,-0.15019
4.17E-03,-9.82E-01,-1.05E-02,-0.06570,-0.15001
4.18E-03,-9.75E-01,-1.04E-02,-0.06520,-0.14876
4.18E-03,-9.65E-01,-1.03E-02,-0.06453,-0.14768
4.19E-03,-9.59E-01,-1.04E-02,-0.06411,-0.14822
4.19E-03,-9.52E-01,-1.03E-02,-0.06369,-0.14678
4.20E-03,-9.41E-01,-1.02E-02,-0.06293,-0.14606
4.20E-03,-9.35E-01,-1.02E-02,-0.06251,-0.14589
4.21E-03,-9.30E-01,-1.02E-02,-0.06217,-0.14535
4.21E-03,-9.18E-01,-1.01E-02,-0.06142,-0.14409
4.22E-03,-9.11E-01,-1.01E-02,-0.06091,-0.14355
4.22E-03,-9.03E-01,-9.97E-03,-0.06041,-0.14248
4.23E-03,-8.94E-01,-9.96E-03,-0.05982,-0.14230
4.23E-03,-8.87E-01,-9.94E-03,-0.05932,-0.14194
4.24E-03,-8.77E-01,-9.87E-03,-0.05865,-0.14104
4.24E-03,-8.68E-01,-9.81E-03,-0.05806,-0.14014
4.25E-03,-8.58E-01,-9.76E-03,-0.05738,-0.13943
4.26E-03,-8.53E-01,-9.70E-03,-0.05705,-0.13853
4.26E-03,-8.45E-01,-9.69E-03,-0.05654,-0.13835
4.27E-03,-8.35E-01,-9.61E-03,-0.05587,-0.13727
4.27E-03,-8.27E-01,-9.55E-03,-0.05528,-0.13638
4.28E-03,-8.18E-01,-9.54E-03,-0.05470,-0.13620
4.28E-03,-8.10E-01,-9.46E-03,-0.05419,-0.13512
4.29E-03,-8.03E-01,-9.43E-03,-0.05369,-0.13476
4.29E-03,-7.94E-01,-9.35E-03,-0.05310,-0.13350
4.30E-03,-7.86E-01,-9.32E-03,-0.05260,-0.13315
4.30E-03,-7.79E-01,-9.27E-03,-0.05209,-0.13243
4.31E-03,-7.70E-01,-9.21E-03,-0.05150,-0.13153
4.31E-03,-7.60E-01,-9.17E-03,-0.05083,-0.13099
4.32E-03,-7.53E-01,-9.10E-03,-0.05033,-0.12992
4.32E-03,-7.45E-01,-9.03E-03,-0.04982,-0.12902
4.33E-03,-7.35E-01,-8.97E-03,-0.04915,-0.12812
4.33E-03,-7.30E-01,-8.94E-03,-0.04881,-0.12776
4.34E-03,-7.21E-01,-8.91E-03,-0.04823,-0.12722
4.34E-03,-7.11E-01,-8.82E-03,-0.04755,-0.12597
4.35E-03,-7.02E-01,-8.77E-03,-0.04697,-0.12525
4.35E-03,-6.93E-01,-8.71E-03,-0.04638,-0.12435
4.36E-03,-6.85E-01,-8.64E-03,-0.04579,-0.12346
4.36E-03,-6.78E-01,-8.62E-03,-0.04537,-0.12310
4.37E-03,-6.70E-01,-8.57E-03,-0.04478,-0.12238
4.37E-03,-6.62E-01,-8.47E-03,-0.04428,-0.12094
4.38E-03,-6.53E-01,-8.45E-03,-0.04369,-0.12076
4.39E-03,-6.44E-01,-8.39E-03,-0.04310,-0.11987
4.39E-03,-6.34E-01,-8.32E-03,-0.04243,-0.11879
4.40E-03,-6.27E-01,-8.27E-03,-0.04193,-0.11807
4.40E-03,-6.16E-01,-8.22E-03,-0.04117,-0.11735
4.41E-03,-6.09E-01,-8.13E-03,-0.04075,-0.11610
4.41E-03,-5.98E-01,-8.10E-03,-0.03999,-0.11574
4.42E-03,-5.94E-01,-8.03E-03,-0.03974,-0.11466
4.42E-03,-5.84E-01,-7.95E-03,-0.03907,-0.11359
4.43E-03,-5.75E-01,-7.94E-03,-0.03848,-0.11341
4.43E-03,-5.67E-01,-7.86E-03,-0.03789,-0.11233
4.44E-03,-5.62E-01,-7.78E-03,-0.03756,-0.11107
4.44E-03,-5.50E-01,-7.74E-03,-0.03680,-0.11054
4.45E-03,-5.44E-01,-7.68E-03,-0.03638,-0.10964
4.45E-03,-5.35E-01,-7.60E-03,-0.03579,-0.10856
4.46E-03,-5.26E-01,-7.58E-03,-0.03520,-0.10820
4.46E-03,-5.18E-01,-7.46E-03,-0.03462,-0.10659
4.47E-03,-5.09E-01,-7.41E-03,-0.03403,-0.10587
4.47E-03,-5.03E-01,-7.36E-03,-0.03361,-0.10515
4.48E-03,-4.92E-01,-7.27E-03,-0.03294,-0.10390
4.48E-03,-4.84E-01,-7.22E-03,-0.03235,-0.10318
4.49E-03,-4.79E-01,-7.19E-03,-0.03201,-0.10264
4.49E-03,-4.69E-01,-7.12E-03,-0.03134,-0.10174
4.50E-03,-4.62E-01,-7.06E-03,-0.03092,-0.10085
4.51E-03,-4.54E-01,-6.98E-03,-0.03033,-0.09977
4.51E-03,-4.46E-01,-6.91E-03,-0.02983,-0.09869
4.52E-03,-4.37E-01,-6.85E-03,-0.02924,-0.09780
4.52E-03,-4.30E-01,-6.82E-03,-0.02873,-0.09744
4.53E-03,-4.22E-01,-6.75E-03,-0.02823,-0.09636
4.53E-03,-4.13E-01,-6.65E-03,-0.02764,-0.09492
4.54E-03,-4.05E-01,-6.62E-03,-0.02705,-0.09457
4.54E-03,-3.98E-01,-6.53E-03,-0.02663,-0.09331
4.55E-03,-3.89E-01,-6.43E-03,-0.02605,-0.09187
4.55E-03,-3.82E-01,-6.41E-03,-0.02554,-0.09151
4.56E-03,-3.73E-01,-6.31E-03,-0.02495,-0.09008
4.56E-03,-3.66E-01,-6.24E-03,-0.02445,-0.08918
4.57E-03,-3.57E-01,-6.18E-03,-0.02386,-0.08828
4.57E-03,-3.51E-01,-6.12E-03,-0.02344,-0.08739
4.58E-03,-3.43E-01,-6.06E-03,-0.02294,-0.08649
4.58E-03,-3.33E-01,-6.01E-03,-0.02227,-0.08577
4.59E-03,-3.25E-01,-5.89E-03,-0.02176,-0.08416
4.59E-03,-3.17E-01,-5.84E-03,-0.02117,-0.08344
4.60E-03,-3.12E-01,-5.80E-03,-0.02084,-0.08290
4.60E-03,-2.99E-01,-5.68E-03,-0.02000,-0.08111
4.61E-03,-2.94E-01,-5.65E-03,-0.01966,-0.08075
4.61E-03,-2.88E-01,-5.55E-03,-0.01924,-0.07931
4.62E-03,-2.79E-01,-5.49E-03,-0.01865,-0.07842
4.62E-03,-2.70E-01,-5.43E-03,-0.01806,-0.07752
4.63E-03,-2.61E-01,-5.36E-03,-0.01748,-0.07662
4.64E-03,-2.54E-01,-5.25E-03,-0.01697,-0.07501
4.64E-03,-2.45E-01,-5.20E-03,-0.01638,-0.07429
4.65E-03,-2.39E-01,-5.13E-03,-0.01596,-0.07321
4.65E-03,-2.32E-01,-5.04E-03,-0.01554,-0.07196
4.66E-03,-2.24E-01,-5.01E-03,-0.01496,-0.07160
4.66E-03,-2.16E-01,-4.92E-03,-0.01445,-0.07034
4.67E-03,-2.10E-01,-4.86E-03,-0.01403,-0.06944
4.67E-03,-2.00E-01,-4.76E-03,-0.01336,-0.06801
4.68E-03,-1.93E-01,-4.69E-03,-0.01294,-0.06693
4.68E-03,-1.83E-01,-4.62E-03,-0.01227,-0.06603
4.69E-03,-1.78E-01,-4.54E-03,-0.01193,-0.06478
4.69E-03,-1.71E-01,-4.48E-03,-0.01143,-0.06406
4.70E-03,-1.65E-01,-4.42E-03,-0.01101,-0.06316
4.70E-03,-1.57E-01,-4.35E-03,-0.01050,-0.06209
4.71E-03,-1.49E-01,-4.22E-03,-0.01000,-0.06029
4.71E-03,-1.41E-01,-4.18E-03,-0.00941,-0.05975
4.72E-03,-1.34E-01,-4.10E-03,-0.00899,-0.05850
4.72E-03,-1.27E-01,-4.03E-03,-0.00849,-0.05760
4.73E-03,-1.19E-01,-3.94E-03,-0.00798,-0.05634
4.73E-03,-1.16E-01,-3.87E-03,-0.00773,-0.05527
4.74E-03,-1.07E-01,-3.81E-03,-0.00714,-0.05437
4.74E-03,-9.92E-02,-3.72E-03,-0.00664,-0.05311
4.75E-03,-9.05E-02,-3.66E-03,-0.00605,-0.05222
4.76E-03,-8.54E-02,-3.58E-03,-0.00571,-0.05114
4.76E-03,-7.66E-02,-3.49E-03,-0.00513,-0.04988
4.77E-03,-7.04E-02,-3.44E-03,-0.00471,-0.04917
4.77E-03,-6.41E-02,-3.33E-03,-0.00428,-0.04755
4.78E-03,-5.53E-02,-3.25E-03,-0.00370,-0.04648
4.78E-03,-5.03E-02,-3.19E-03,-0.00336,-0.04558
4.79E-03,-4.27E-02,-3.14E-03,-0.00286,-0.04486
4.79E-03,-3.77E-02,-3.03E-03,-0.00252,-0.04325
4.80E-03,-3.02E-02,-2.95E-03,-0.00202,-0.04217
4.80E-03,-2.39E-02,-2.89E-03,-0.00160,-0.04127
4.81E-03,-1.63E-02,-2.81E-03,-0.00109,-0.04019
4.81E-03,-8.79E-03,-2.73E-03,-0.00059,-0.03894
4.82E-03,-1.26E-03,-2.64E-03,-0.00008,-0.03768
4.82E-03,6.28E-03,-2.59E-03,0.00042,-0.03696
4.83E-03,1.13E-02,-2.49E-03,0.00076,-0.03553
4.83E-03,2.01E-02,-2.44E-03,0.00134,-0.03481
4.84E-03,2.51E-02,-2.27E-03,0.00168,-0.03248
4.84E-03,3.27E-02,-2.26E-03,0.00218,-0.03230
4.85E-03,3.89E-02,-2.20E-03,0.00260,-0.03140
4.85E-03,4.65E-02,-2.10E-03,0.00311,-0.02997
4.86E-03,5.28E-02,-2.02E-03,0.00353,-0.02889
4.86E-03,6.03E-02,-1.92E-03,0.00403,-0.02745
4.87E-03,6.66E-02,-1.85E-03,0.00445,-0.02638
4.87E-03,7.29E-02,-1.80E-03,0.00487,-0.02566
4.88E-03,8.17E-02,-1.71E-03,0.00546,-0.02440
4.89E-03,8.79E-02,-1.63E-03,0.00588,-0.02333
4.89E-03,9.55E-02,-1.55E-03,0.00639,-0.02207
4.90E-03,1.01E-01,-1.47E-03,0.00672,-0.02099
4.90E-03,1.08E-01,-1.38E-03,0.00723,-0.01974
4.91E-03,1.16E-01,-1.28E-03,0.00773,-0.01830
4.91E-03,1.23E-01,-1.19E-03,0.00823,-0.01705
4.92E-03,1.28E-01,-1.16E-03,0.00857,-0.01651
4.92E-03,1.36E-01,-1.03E-03,0.00907,-0.01471
4.93E-03,1.43E-01,-9.80E-04,0.00958,-0.01400
4.93E-03,1.48E-01,-8.79E-04,0.00991,-0.01256
4.94E-03,1.57E-01,-7.79E-04,0.01050,-0.01113
4.94E-03,1.63E-01,-7.29E-04,0.01092,-0.01041
4.95E-03,1.70E-01,-6.16E-04,0.01134,-0.00879
4.95E-03,1.75E-01,-5.90E-04,0.01168,-0.00843
4.96E-03,1.82E-01,-4.65E-04,0.01218,-0.00664
4.96E-03,1.87E-01,-4.02E-04,0.01252,-0.00574
4.97E-03,1.93E-01,-3.02E-04,0.01294,-0.00431
4.97E-03,2.00E-01,-2.39E-04,0.01336,-0.00341
4.98E-03,2.09E-01,-1.38E-04,0.01395,-0.00197
4.98E-03,2.12E-01,-8.79E-05,0.01420,-0.00126
4.99E-03,2.21E-01,1.26E-05,0.01479,0.00018
4.99E-03,2.27E-01,1.01E-04,0.01521,0.00144
5.00E-03,2.31E-01,1.76E-04,0.01546,0.00251
5.01E-03,2.39E-01,2.51E-04,0.01596,0.00359
5.01E-03,2.45E-01,3.52E-04,0.01638,0.00502
5.02E-03,2.53E-01,4.15E-04,0.01689,0.00592
5.02E-03,2.59E-01,5.03E-04,0.01731,0.00718
5.03E-03,2.65E-01,5.90E-04,0.01773,0.00843
5.03E-03,2.73E-01,6.91E-04,0.01823,0.00987
5.04E-03,2.78E-01,7.29E-04,0.01857,0.01041
5.04E-03,2.84E-01,8.17E-04,0.01899,0.01166
5.05E-03,2.89E-01,8.92E-04,0.01932,0.01274
5.05E-03,2.96E-01,9.80E-04,0.01983,0.01400
5.06E-03,3.03E-01,1.08E-03,0.02025,0.01543
5.06E-03,3.08E-01,1.19E-03,0.02058,0.01705
5.07E-03,3.15E-01,1.23E-03,0.02109,0.01759
5.07E-03,3.20E-01,1.32E-03,0.02142,0.01884
5.08E-03,3.25E-01,1.42E-03,0.02176,0.02028
5.08E-03,3.34E-01,1.47E-03,0.02235,0.02099
5.09E-03,3.38E-01,1.58E-03,0.02260,0.02261
5.09E-03,3.45E-01,1.67E-03,0.02311,0.02387
5.10E-03,3.49E-01,1.75E-03,0.02336,0.02494
5.10E-03,3.54E-01,1.85E-03,0.02369,0.02638
5.11E-03,3.62E-01,1.91E-03,0.02420,0.02728
5.11E-03,3.69E-01,1.97E-03,0.02470,0.02817
5.12E-03,3.73E-01,2.05E-03,0.02495,0.02925
5.12E-03,3.82E-01,2.16E-03,0.02554,0.03086
5.13E-03,3.87E-01,2.21E-03,0.02588,0.03158
5.14E-03,3.93E-01,2.32E-03,0.02630,0.03320
5.14E-03,3.99E-01,2.41E-03,0.02672,0.03445
5.15E-03,4.03E-01,2.47E-03,0.02697,0.03535
5.15E-03,4.10E-01,2.56E-03,0.02739,0.03661
5.16E-03,4.16E-01,2.65E-03,0.02781,0.03786
5.16E-03,4.23E-01,2.74E-03,0.02831,0.03912
5.17E-03,4.31E-01,2.83E-03,0.02882,0.04037
5.17E-03,4.35E-01,2.91E-03,0.02907,0.04163
5.18E-03,4.41E-01,2.98E-03,0.02949,0.04253
5.18E-03,4.47E-01,3.08E-03,0.02991,0.04396
5.19E-03,4.56E-01,3.19E-03,0.03050,0.04558
5.19E-03,4.59E-01,3.22E-03,0.03067,0.04594
5.20E-03,4.65E-01,3.33E-03,0.03109,0.04755
5.20E-03,4.72E-01,3.39E-03,0.03159,0.04845
5.21E-03,4.79E-01,3.47E-03,0.03201,0.04953
5.21E-03,4.82E-01,3.58E-03,0.03226,0.05114
5.22E-03,4.90E-01,3.67E-03,0.03277,0.05240
5.22E-03,4.96E-01,3.73E-03,0.03319,0.05329
5.23E-03,5.01E-01,3.83E-03,0.03352,0.05473
5.23E-03,5.06E-01,3.91E-03,0.03386,0.05581
5.24E-03,5.14E-01,3.97E-03,0.03436,0.05670
5.24E-03,5.21E-01,4.07E-03,0.03487,0.05814
5.25E-03,5.28E-01,4.12E-03,0.03529,0.05886
5.26E-03,5.31E-01,4.22E-03,0.03554,0.06029
5.26E-03,5.40E-01,4.32E-03,0.03613,0.06173
5.27E-03,5.46E-01,4.41E-03,0.03655,0.06298
5.27E-03,5.50E-01,4.46E-03,0.03680,0.06370
5.28E-03,5.55E-01,4.52E-03,0.03714,0.06460
5.28E-03,5.64E-01,4.65E-03,0.03772,0.06639
5.29E-03,5.72E-01,4.72E-03,0.03823,0.06747
5.29E-03,5.78E-01,4.81E-03,0.03865,0.06873
5.30E-03,5.80E-01,4.90E-03,0.03882,0.06998
5.30E-03,5.89E-01,4.97E-03,0.03940,0.07106
5.31E-03,5.92E-01,5.05E-03,0.03957,0.07214
5.31E-03,5.98E-01,5.13E-03,0.03999,0.07321
5.32E-03,6.03E-01,5.20E-03,0.04033,0.07429
5.32E-03,6.09E-01,5.29E-03,0.04075,0.07554
5.33E-03,6.18E-01,5.40E-03,0.04134,0.07716
5.33E-03,6.23E-01,5.46E-03,0.04167,0.07806
5.34E-03,6.31E-01,5.52E-03,0.04218,0.07877
5.34E-03,6.36E-01,5.60E-03,0.04251,0.08003
5.35E-03,6.42E-01,5.69E-03,0.04293,0.08129
5.35E-03,6.47E-01,5.78E-03,0.04327,0.08254
5.36E-03,6.56E-01,5.84E-03,0.04386,0.08344
5.36E-03,6.60E-01,5.92E-03,0.04411,0.08452
5.37E-03,6.68E-01,5.98E-03,0.04470,0.08541
